candidate_id,escaped_backbone,denominators,min_denominator,max_denominator,length,gap_pattern,exact_sum,sum_minus_1,kill_mask,kill_primes,kill_count,first_killing_prime,covering_third_primes,contains_37_38,contains_61_62,contains_adjacent_factor_pair,valuation_profile_p2,top_layer_residue_sum_p2,valuation_profile_p13,top_layer_residue_sum_p13,valuation_profile_p17,top_layer_residue_sum_p17,valuation_profile_p19,top_layer_residue_sum_p19,valuation_profile_p31,top_layer_residue_sum_p31,valuation_profile_p37,top_layer_residue_sum_p37,valuation_profile_p41,top_layer_residue_sum_p41,valuation_profile_p47,top_layer_residue_sum_p47,valuation_profile_p53,top_layer_residue_sum_p53,valuation_profile_p59,top_layer_residue_sum_p59,valuation_profile_p61,top_layer_residue_sum_p61,source_chunk,source_csv
S10_10:3876,19+37,10;11;12;13;14;16;17;18;20;21;22;23;24;26;28;30;32;34,10,34,18,1;1;1;1;2;1;1;2;1;1;1;1;2;2;2;2;2,561271189/563603040,-2331851/563603040,258943,2;3;5;7;11;13;17;23;29;41;43;47;53;59;61,15,2,19+37->2;3;5;7;11;13;17;23;29;41;43;47;53;59;61,false,false,false,max=5;tops=32,1,max=1;tops=13;26,8,max=1;tops=17;34,10,max=0;tops=10;11;12;13;14;16;17;18;20;21;22;23;24;26;28;30;32;34,1,max=0;tops=10;11;12;13;14;16;17;18;20;21;22;23;24;26;28;30;32;34,1,max=0;tops=10;11;12;13;14;16;17;18;20;21;22;23;24;26;28;30;32;34,1,max=0;tops=10;11;12;13;14;16;17;18;20;21;22;23;24;26;28;30;32;34,20,max=0;tops=10;11;12;13;14;16;17;18;20;21;22;23;24;26;28;30;32;34,28,max=0;tops=10;11;12;13;14;16;17;18;20;21;22;23;24;26;28;30;32;34,28,max=0;tops=10;11;12;13;14;16;17;18;20;21;22;23;24;26;28;30;32;34,0,max=0;tops=10;11;12;13;14;16;17;18;20;21;22;23;24;26;28;30;32;34,41,S10_10,artifacts/results/anomalies_N65_candidates_S10_10.csv
S10_10:21878,19+37,10;11;12;13;15;17;18;20;21;23;25;26;27;29;30;32;33;34;35;36,10,36,20,1;1;1;2;2;1;2;1;2;2;1;1;2;1;2;1;1;1;1,246132602561/245167322400,965280161/245167322400,259967,2;3;5;7;11;13;17;23;29;31;41;43;47;53;59;61,16,2,19+37->2;3;5;7;11;13;17;23;29;31;41;43;47;53;59;61,false,false,false,max=5;tops=32,1,max=1;tops=13;26,8,max=1;tops=17;34,10,max=0;tops=10;11;12;13;15;17;18;20;21;23;25;26;27;29;30;32;33;34;35;36,1,max=0;tops=10;11;12;13;15;17;18;20;21;23;25;26;27;29;30;32;33;34;35;36,13,max=0;tops=10;11;12;13;15;17;18;20;21;23;25;26;27;29;30;32;33;34;35;36,1,max=0;tops=10;11;12;13;15;17;18;20;21;23;25;26;27;29;30;32;33;34;35;36,32,max=0;tops=10;11;12;13;15;17;18;20;21;23;25;26;27;29;30;32;33;34;35;36,26,max=0;tops=10;11;12;13;15;17;18;20;21;23;25;26;27;29;30;32;33;34;35;36,26,max=0;tops=10;11;12;13;15;17;18;20;21;23;25;26;27;29;30;32;33;34;35;36,36,max=0;tops=10;11;12;13;15;17;18;20;21;23;25;26;27;29;30;32;33;34;35;36,6,S10_10,artifacts/results/anomalies_N65_candidates_S10_10.csv
S10_10:35992,19+37,10;11;12;14;15;16;17;18;20;21;23;24;26;27;28;30;32;34;36,10,36,19,1;1;2;1;1;1;1;2;1;2;1;2;1;1;2;2;2;2,339841291/338161824,1679467/338161824,259963,2;3;7;11;13;17;23;29;31;41;43;47;53;59;61,15,2,19+37->2;3;7;11;13;17;23;29;31;41;43;47;53;59;61,false,false,false,max=5;tops=32,1,max=1;tops=26,7,max=1;tops=17;34,10,max=0;tops=10;11;12;14;15;16;17;18;20;21;23;24;26;27;28;30;32;34;36,1,max=0;tops=10;11;12;14;15;16;17;18;20;21;23;24;26;27;28;30;32;34;36,11,max=0;tops=10;11;12;14;15;16;17;18;20;21;23;24;26;27;28;30;32;34;36,1,max=0;tops=10;11;12;14;15;16;17;18;20;21;23;24;26;27;28;30;32;34;36,30,max=0;tops=10;11;12;14;15;16;17;18;20;21;23;24;26;27;28;30;32;34;36,30,max=0;tops=10;11;12;14;15;16;17;18;20;21;23;24;26;27;28;30;32;34;36,14,max=0;tops=10;11;12;14;15;16;17;18;20;21;23;24;26;27;28;30;32;34;36,38,max=0;tops=10;11;12;14;15;16;17;18;20;21;23;24;26;27;28;30;32;34;36,56,S10_10,artifacts/results/anomalies_N65_candidates_S10_10.csv
S10_10:36470,19+37,10;11;12;14;15;16;17;18;20;22;24;26;27;28;29;30;31;32;33,10,33,19,1;1;2;1;1;1;1;2;2;2;2;1;1;1;1;1;1;1,1200622877/1201610592,-987715/1201610592,259947,2;3;7;13;17;23;29;31;41;43;47;53;59;61,14,2,19+37->2;3;7;13;17;23;29;31;41;43;47;53;59;61,false,false,false,max=5;tops=32,1,max=1;tops=26,7,max=1;tops=17,1,max=0;tops=10;11;12;14;15;16;17;18;20;22;24;26;27;28;29;30;31;32;33,1,max=1;tops=31,1,max=0;tops=10;11;12;14;15;16;17;18;20;22;24;26;27;28;29;30;31;32;33,1,max=0;tops=10;11;12;14;15;16;17;18;20;22;24;26;27;28;29;30;31;32;33,14,max=0;tops=10;11;12;14;15;16;17;18;20;22;24;26;27;28;29;30;31;32;33,23,max=0;tops=10;11;12;14;15;16;17;18;20;22;24;26;27;28;29;30;31;32;33,31,max=0;tops=10;11;12;14;15;16;17;18;20;22;24;26;27;28;29;30;31;32;33,24,max=0;tops=10;11;12;14;15;16;17;18;20;22;24;26;27;28;29;30;31;32;33,11,S10_10,artifacts/results/anomalies_N65_candidates_S10_10.csv
S10_10:47420,19+37,10;11;12;14;15;17;18;20;21;22;23;24;25;27;29;30;31;33;35,10,35,19,1;1;2;1;2;1;2;1;1;1;1;1;2;2;1;1;2;2,13166406103/13287040200,-120634097/13287040200,259951,2;3;5;7;13;17;23;29;31;41;43;47;53;59;61,15,2,19+37->2;3;5;7;13;17;23;29;31;41;43;47;53;59;61,false,false,false,max=3;tops=24,1,max=0;tops=10;11;12;14;15;17;18;20;21;22;23;24;25;27;29;30;31;33;35,9,max=1;tops=17,1,max=0;tops=10;11;12;14;15;17;18;20;21;22;23;24;25;27;29;30;31;33;35,1,max=1;tops=31,1,max=0;tops=10;11;12;14;15;17;18;20;21;22;23;24;25;27;29;30;31;33;35,1,max=0;tops=10;11;12;14;15;17;18;20;21;22;23;24;25;27;29;30;31;33;35,19,max=0;tops=10;11;12;14;15;17;18;20;21;22;23;24;25;27;29;30;31;33;35,44,max=0;tops=10;11;12;14;15;17;18;20;21;22;23;24;25;27;29;30;31;33;35,21,max=0;tops=10;11;12;14;15;17;18;20;21;22;23;24;25;27;29;30;31;33;35,24,max=0;tops=10;11;12;14;15;17;18;20;21;22;23;24;25;27;29;30;31;33;35,0,S10_10,artifacts/results/anomalies_N65_candidates_S10_10.csv
S10_10:69231,19+37,10;11;12;14;16;17;18;20;22;23;24;25;26;28;29;30;31;32;34;35,10,35,20,1;1;2;2;1;1;2;2;1;1;1;1;2;1;1;1;1;2;1,2550198988027/2533395664800,16803323227/2533395664800,259967,2;3;5;7;11;13;17;23;29;31;41;43;47;53;59;61,16,2,19+37->2;3;5;7;11;13;17;23;29;31;41;43;47;53;59;61,false,false,false,max=5;tops=32,1,max=1;tops=26,7,max=1;tops=17;34,10,max=0;tops=10;11;12;14;16;17;18;20;22;23;24;25;26;28;29;30;31;32;34;35,1,max=1;tops=31,1,max=0;tops=10;11;12;14;16;17;18;20;22;23;24;25;26;28;29;30;31;32;34;35,1,max=0;tops=10;11;12;14;16;17;18;20;22;23;24;25;26;28;29;30;31;32;34;35,36,max=0;tops=10;11;12;14;16;17;18;20;22;23;24;25;26;28;29;30;31;32;34;35,28,max=0;tops=10;11;12;14;16;17;18;20;22;23;24;25;26;28;29;30;31;32;34;35,21,max=0;tops=10;11;12;14;16;17;18;20;22;23;24;25;26;28;29;30;31;32;34;35,55,max=0;tops=10;11;12;14;16;17;18;20;22;23;24;25;26;28;29;30;31;32;34;35,33,S10_10,artifacts/results/anomalies_N65_candidates_S10_10.csv
S10_10:69269,19+37,10;11;12;14;16;17;18;20;22;23;24;25;26;28;30;31;33;34;35;36,10,36,20,1;1;2;2;1;1;2;2;1;1;1;1;2;2;1;2;1;1;1,1322264143/1323613200,-1349057/1323613200,259949,2;5;7;13;17;23;29;31;41;43;47;53;59;61,14,2,19+37->2;5;7;13;17;23;29;31;41;43;47;53;59;61,false,false,false,max=4;tops=16,1,max=1;tops=26,7,max=1;tops=17;34,10,max=0;tops=10;11;12;14;16;17;18;20;22;23;24;25;26;28;30;31;33;34;35;36,1,max=1;tops=31,1,max=0;tops=10;11;12;14;16;17;18;20;22;23;24;25;26;28;30;31;33;34;35;36,1,max=0;tops=10;11;12;14;16;17;18;20;22;23;24;25;26;28;30;31;33;34;35;36,23,max=0;tops=10;11;12;14;16;17;18;20;22;23;24;25;26;28;30;31;33;34;35;36,17,max=0;tops=10;11;12;14;16;17;18;20;22;23;24;25;26;28;30;31;33;34;35;36,25,max=0;tops=10;11;12;14;16;17;18;20;22;23;24;25;26;28;30;31;33;34;35;36,49,max=0;tops=10;11;12;14;16;17;18;20;22;23;24;25;26;28;30;31;33;34;35;36,48,S10_10,artifacts/results/anomalies_N65_candidates_S10_10.csv
S10_10:69681,19+37,10;11;12;14;16;17;18;20;22;23;25;26;27;28;29;31;32;33;34;36,10,36,20,1;1;2;2;1;1;2;2;1;2;1;1;1;1;2;1;1;1;2,689668013551/690926090400,-1258076849/690926090400,259951,2;3;5;7;13;17;23;29;31;41;43;47;53;59;61,15,2,19+37->2;3;5;7;13;17;23;29;31;41;43;47;53;59;61,false,false,false,max=5;tops=32,1,max=1;tops=26,7,max=1;tops=17;34,10,max=0;tops=10;11;12;14;16;17;18;20;22;23;25;26;27;28;29;31;32;33;34;36,1,max=1;tops=31,1,max=0;tops=10;11;12;14;16;17;18;20;22;23;25;26;27;28;29;31;32;33;34;36,1,max=0;tops=10;11;12;14;16;17;18;20;22;23;25;26;27;28;29;31;32;33;34;36,15,max=0;tops=10;11;12;14;16;17;18;20;22;23;25;26;27;28;29;31;32;33;34;36,6,max=0;tops=10;11;12;14;16;17;18;20;22;23;25;26;27;28;29;31;32;33;34;36,34,max=0;tops=10;11;12;14;16;17;18;20;22;23;25;26;27;28;29;31;32;33;34;36,45,max=0;tops=10;11;12;14;16;17;18;20;22;23;25;26;27;28;29;31;32;33;34;36,6,S10_10,artifacts/results/anomalies_N65_candidates_S10_10.csv
S10_10:133950,19+37,10;11;13;14;15;16;17;18;20;22;23;24;25;27;28;30;32;34;35,10,35,19,1;2;1;1;1;1;1;2;2;1;1;1;2;1;2;2;2;1,8443256659/8454045600,-10788941/8454045600,259967,2;3;5;7;11;13;17;23;29;31;41;43;47;53;59;61,16,2,19+37->2;3;5;7;11;13;17;23;29;31;41;43;47;53;59;61,false,false,false,max=5;tops=32,1,max=1;tops=13,1,max=1;tops=17;34,10,max=0;tops=10;11;13;14;15;16;17;18;20;22;23;24;25;27;28;30;32;34;35,1,max=0;tops=10;11;13;14;15;16;17;18;20;22;23;24;25;27;28;30;32;34;35,13,max=0;tops=10;11;13;14;15;16;17;18;20;22;23;24;25;27;28;30;32;34;35,1,max=0;tops=10;11;13;14;15;16;17;18;20;22;23;24;25;27;28;30;32;34;35,29,max=0;tops=10;11;13;14;15;16;17;18;20;22;23;24;25;27;28;30;32;34;35,34,max=0;tops=10;11;13;14;15;16;17;18;20;22;23;24;25;27;28;30;32;34;35,13,max=0;tops=10;11;13;14;15;16;17;18;20;22;23;24;25;27;28;30;32;34;35,17,max=0;tops=10;11;13;14;15;16;17;18;20;22;23;24;25;27;28;30;32;34;35,37,S10_10,artifacts/results/anomalies_N65_candidates_S10_10.csv
S10_10:591499,19+37,10;12;13;14;15;16;18;20;21;22;23;24;25;26;27;28;29;30;31,10,31,19,2;1;1;1;1;2;2;1;1;1;1;1;1;1;1;1;1;1,222621266789/223534911600,-913644811/223534911600,259967,2;3;5;7;11;13;17;23;29;31;41;43;47;53;59;61,16,2,19+37->2;3;5;7;11;13;17;23;29;31;41;43;47;53;59;61,false,false,false,max=4;tops=16,1,max=1;tops=13;26,8,max=0;tops=10;12;13;14;15;16;18;20;21;22;23;24;25;26;27;28;29;30;31,11,max=0;tops=10;12;13;14;15;16;18;20;21;22;23;24;25;26;27;28;29;30;31,1,max=1;tops=31,1,max=0;tops=10;12;13;14;15;16;18;20;21;22;23;24;25;26;27;28;29;30;31,1,max=0;tops=10;12;13;14;15;16;18;20;21;22;23;24;25;26;27;28;29;30;31,25,max=0;tops=10;12;13;14;15;16;18;20;21;22;23;24;25;26;27;28;29;30;31,37,max=0;tops=10;12;13;14;15;16;18;20;21;22;23;24;25;26;27;28;29;30;31,18,max=0;tops=10;12;13;14;15;16;18;20;21;22;23;24;25;26;27;28;29;30;31,55,max=0;tops=10;12;13;14;15;16;18;20;21;22;23;24;25;26;27;28;29;30;31,55,S10_10,artifacts/results/anomalies_N65_candidates_S10_10.csv
S10_10:592008,19+37,10;12;13;14;15;16;18;20;21;22;24;25;27;28;29;30;31;33;34;35,10,35,20,2;1;1;1;1;2;2;1;1;2;1;2;1;1;1;1;2;1;1,23656388453/23603065200,53323253/23603065200,259959,2;3;5;11;13;17;23;29;31;41;43;47;53;59;61,15,2,19+37->2;3;5;11;13;17;23;29;31;41;43;47;53;59;61,false,false,false,max=4;tops=16,1,max=1;tops=13,1,max=1;tops=34,9,max=0;tops=10;12;13;14;15;16;18;20;21;22;24;25;27;28;29;30;31;33;34;35,1,max=1;tops=31,1,max=0;tops=10;12;13;14;15;16;18;20;21;22;24;25;27;28;29;30;31;33;34;35,1,max=0;tops=10;12;13;14;15;16;18;20;21;22;24;25;27;28;29;30;31;33;34;35,3,max=0;tops=10;12;13;14;15;16;18;20;21;22;24;25;27;28;29;30;31;33;34;35,25,max=0;tops=10;12;13;14;15;16;18;20;21;22;24;25;27;28;29;30;31;33;34;35,18,max=0;tops=10;12;13;14;15;16;18;20;21;22;24;25;27;28;29;30;31;33;34;35,47,max=0;tops=10;12;13;14;15;16;18;20;21;22;24;25;27;28;29;30;31;33;34;35,46,S10_10,artifacts/results/anomalies_N65_candidates_S10_10.csv
S10_10:593980,19+37,10;12;13;14;15;16;18;20;22;23;24;26;27;28;29;30;31;32;34;36,10,36,20,2;1;1;1;1;2;2;2;1;1;2;1;1;1;1;1;1;2;2,303014359409/304007479776,-993120367/304007479776,259963,2;3;7;11;13;17;23;29;31;41;43;47;53;59;61,15,2,19+37->2;3;7;11;13;17;23;29;31;41;43;47;53;59;61,false,false,false,max=5;tops=32,1,max=1;tops=13;26,8,max=1;tops=34,9,max=0;tops=10;12;13;14;15;16;18;20;22;23;24;26;27;28;29;30;31;32;34;36,1,max=1;tops=31,1,max=0;tops=10;12;13;14;15;16;18;20;22;23;24;26;27;28;29;30;31;32;34;36,1,max=0;tops=10;12;13;14;15;16;18;20;22;23;24;26;27;28;29;30;31;32;34;36,11,max=0;tops=10;12;13;14;15;16;18;20;22;23;24;26;27;28;29;30;31;32;34;36,9,max=0;tops=10;12;13;14;15;16;18;20;22;23;24;26;27;28;29;30;31;32;34;36,25,max=0;tops=10;12;13;14;15;16;18;20;22;23;24;26;27;28;29;30;31;32;34;36,23,max=0;tops=10;12;13;14;15;16;18;20;22;23;24;26;27;28;29;30;31;32;34;36,9,S10_10,artifacts/results/anomalies_N65_candidates_S10_10.csv
S10_10:822388,19+37,10;12;13;15;16;18;20;22;23;24;25;26;27;28;29;30;31;33;34;35;36,10,36,21,2;1;2;1;2;2;2;1;1;1;1;1;1;1;1;1;2;1;1;1,3773223509233/3800093497200,-26869987967/3800093497200,259967,2;3;5;7;11;13;17;23;29;31;41;43;47;53;59;61,16,2,19+37->2;3;5;7;11;13;17;23;29;31;41;43;47;53;59;61,false,false,false,max=4;tops=16,1,max=1;tops=13;26,8,max=1;tops=34,9,max=0;tops=10;12;13;15;16;18;20;22;23;24;25;26;27;28;29;30;31;33;34;35;36,1,max=1;tops=31,1,max=0;tops=10;12;13;15;16;18;20;22;23;24;25;26;27;28;29;30;31;33;34;35;36,1,max=0;tops=10;12;13;15;16;18;20;22;23;24;25;26;27;28;29;30;31;33;34;35;36,20,max=0;tops=10;12;13;15;16;18;20;22;23;24;25;26;27;28;29;30;31;33;34;35;36,32,max=0;tops=10;12;13;15;16;18;20;22;23;24;25;26;27;28;29;30;31;33;34;35;36,7,max=0;tops=10;12;13;15;16;18;20;22;23;24;25;26;27;28;29;30;31;33;34;35;36,48,max=0;tops=10;12;13;15;16;18;20;22;23;24;25;26;27;28;29;30;31;33;34;35;36,6,S10_10,artifacts/results/anomalies_N65_candidates_S10_10.csv
S10_10:1243379,19+37,10;12;14;15;16;18;20;21;22;23;25;26;27;28;30;31;32;33;34;35;36,10,36,21,2;2;1;1;2;2;1;1;1;2;1;1;1;2;1;1;1;1;1;1,37070726047/37439344800,-368618753/37439344800,259959,2;3;5;11;13;17;23;29;31;41;43;47;53;59;61,15,2,19+37->2;3;5;11;13;17;23;29;31;41;43;47;53;59;61,false,false,false,max=5;tops=32,1,max=1;tops=26,7,max=1;tops=34,9,max=0;tops=10;12;14;15;16;18;20;21;22;23;25;26;27;28;30;31;32;33;34;35;36,1,max=1;tops=31,1,max=0;tops=10;12;14;15;16;18;20;21;22;23;25;26;27;28;30;31;32;33;34;35;36,1,max=0;tops=10;12;14;15;16;18;20;21;22;23;25;26;27;28;30;31;32;33;34;35;36,27,max=0;tops=10;12;14;15;16;18;20;21;22;23;25;26;27;28;30;31;32;33;34;35;36,12,max=0;tops=10;12;14;15;16;18;20;21;22;23;25;26;27;28;30;31;32;33;34;35;36,30,max=0;tops=10;12;14;15;16;18;20;21;22;23;25;26;27;28;30;31;32;33;34;35;36,16,max=0;tops=10;12;14;15;16;18;20;21;22;23;25;26;27;28;30;31;32;33;34;35;36,53,S10_10,artifacts/results/anomalies_N65_candidates_S10_10.csv
S11_11:207533,19+37,11;12;13;15;16;17;18;20;21;22;23;25;26;27;28;29;30;32;33;34,11,34,20,1;1;2;1;1;1;2;1;1;1;2;1;1;1;1;1;2;1;1,3156153103/3183991200,-27838097/3183991200,259943,2;3;5;13;17;23;29;31;41;43;47;53;59;61,14,2,19+37->2;3;5;13;17;23;29;31;41;43;47;53;59;61,false,false,false,max=5;tops=32,1,max=1;tops=13;26,8,max=1;tops=17;34,10,max=0;tops=11;12;13;15;16;17;18;20;21;22;23;25;26;27;28;29;30;32;33;34,1,max=0;tops=11;12;13;15;16;17;18;20;21;22;23;25;26;27;28;29;30;32;33;34,19,max=0;tops=11;12;13;15;16;17;18;20;21;22;23;25;26;27;28;29;30;32;33;34,1,max=0;tops=11;12;13;15;16;17;18;20;21;22;23;25;26;27;28;29;30;32;33;34,21,max=0;tops=11;12;13;15;16;17;18;20;21;22;23;25;26;27;28;29;30;32;33;34,40,max=0;tops=11;12;13;15;16;17;18;20;21;22;23;25;26;27;28;29;30;32;33;34,19,max=0;tops=11;12;13;15;16;17;18;20;21;22;23;25;26;27;28;29;30;32;33;34,21,max=0;tops=11;12;13;15;16;17;18;20;21;22;23;25;26;27;28;29;30;32;33;34,57,S11_11,artifacts/results/anomalies_N65_candidates_S11_11.csv
S11_11:411336,19+37,11;12;13;15;17;18;20;21;22;23;24;25;26;27;28;29;31;32;33;35;36,11,36,21,1;1;2;2;1;2;1;1;1;1;1;1;1;1;1;2;1;1;2;1,688359779761/690926090400,-2566310639/690926090400,259951,2;3;5;7;13;17;23;29;31;41;43;47;53;59;61,15,2,19+37->2;3;5;7;13;17;23;29;31;41;43;47;53;59;61,false,false,false,max=5;tops=32,1,max=1;tops=13;26,8,max=1;tops=17,1,max=0;tops=11;12;13;15;17;18;20;21;22;23;24;25;26;27;28;29;31;32;33;35;36,1,max=1;tops=31,1,max=0;tops=11;12;13;15;17;18;20;21;22;23;24;25;26;27;28;29;31;32;33;35;36,1,max=0;tops=11;12;13;15;17;18;20;21;22;23;24;25;26;27;28;29;31;32;33;35;36,0,max=0;tops=11;12;13;15;17;18;20;21;22;23;24;25;26;27;28;29;31;32;33;35;36,20,max=0;tops=11;12;13;15;17;18;20;21;22;23;24;25;26;27;28;29;31;32;33;35;36,26,max=0;tops=11;12;13;15;17;18;20;21;22;23;24;25;26;27;28;29;31;32;33;35;36,19,max=0;tops=11;12;13;15;17;18;20;21;22;23;24;25;26;27;28;29;31;32;33;35;36,23,S11_11,artifacts/results/anomalies_N65_candidates_S11_11.csv
S11_11:795740,19+37,11;12;14;15;16;17;18;20;22;23;25;26;27;28;29;30;31;32;33;34;36,11,36,21,1;2;1;1;1;1;2;2;1;2;1;1;1;1;1;1;1;1;1;2,689668013551/690926090400,-1258076849/690926090400,259951,2;3;5;7;13;17;23;29;31;41;43;47;53;59;61,15,2,19+37->2;3;5;7;13;17;23;29;31;41;43;47;53;59;61,false,false,false,max=5;tops=32,1,max=1;tops=26,7,max=1;tops=17;34,10,max=0;tops=11;12;14;15;16;17;18;20;22;23;25;26;27;28;29;30;31;32;33;34;36,1,max=1;tops=31,1,max=0;tops=11;12;14;15;16;17;18;20;22;23;25;26;27;28;29;30;31;32;33;34;36,1,max=0;tops=11;12;14;15;16;17;18;20;22;23;25;26;27;28;29;30;31;32;33;34;36,15,max=0;tops=11;12;14;15;16;17;18;20;22;23;25;26;27;28;29;30;31;32;33;34;36,6,max=0;tops=11;12;14;15;16;17;18;20;22;23;25;26;27;28;29;30;31;32;33;34;36,34,max=0;tops=11;12;14;15;16;17;18;20;22;23;25;26;27;28;29;30;31;32;33;34;36,45,max=0;tops=11;12;14;15;16;17;18;20;22;23;25;26;27;28;29;30;31;32;33;34;36,6,S11_11,artifacts/results/anomalies_N65_candidates_S11_11.csv
S6_6:81,2+31,6;7;8;10;12;14;15;17;19;20;22;24,6,24,12,1;1;2;2;2;1;2;2;1;2;2,749509/746130,3379/746130,261118,3;5;7;11;13;17;19;23;29;37;41;43;47;53;59;61,16,3,2+31->3;5;7;11;13;17;19;23;29;37;41;43;47;53;59;61,false,false,false,max=3;tops=8;24,0,max=0;tops=6;7;8;10;12;14;15;17;19;20;22;24,9,max=1;tops=17,1,max=1;tops=19,1,max=0;tops=6;7;8;10;12;14;15;17;19;20;22;24,1,max=0;tops=6;7;8;10;12;14;15;17;19;20;22;24,0,max=0;tops=6;7;8;10;12;14;15;17;19;20;22;24,40,max=0;tops=6;7;8;10;12;14;15;17;19;20;22;24,0,max=0;tops=6;7;8;10;12;14;15;17;19;20;22;24,44,max=0;tops=6;7;8;10;12;14;15;17;19;20;22;24,2,max=0;tops=6;7;8;10;12;14;15;17;19;20;22;24,11,S6_6,artifacts/results/anomalies_N65_candidates_S6_6.csv
S6_6:160,2+31,6;7;9;10;12;13;15;17;19;20;22;23,6,23,12,1;2;1;2;1;2;2;2;1;2;1,667903853/669278610,-1374757/669278610,130046,3;5;7;11;13;17;19;23;29;37;41;43;47;53;59,15,3,2+31->3;5;7;11;13;17;19;23;29;37;41;43;47;53;59,false,false,false,max=2;tops=12;20,0,max=1;tops=13,1,max=1;tops=17,1,max=1;tops=19,1,max=0;tops=6;7;9;10;12;13;15;17;19;20;22;23,1,max=0;tops=6;7;9;10;12;13;15;17;19;20;22;23,6,max=0;tops=6;7;9;10;12;13;15;17;19;20;22;23,24,max=0;tops=6;7;9;10;12;13;15;17;19;20;22;23,3,max=0;tops=6;7;9;10;12;13;15;17;19;20;22;23,48,max=0;tops=6;7;9;10;12;13;15;17;19;20;22;23,9,max=0;tops=6;7;9;10;12;13;15;17;19;20;22;23,1,S6_6,artifacts/results/anomalies_N65_candidates_S6_6.csv
S6_6:176,2+31,6;7;9;10;12;14;15;17;18;19;20;22,6,22,12,1;2;1;2;2;1;2;1;1;1;2,749509/746130,3379/746130,261116,5;7;11;13;17;19;23;29;37;41;43;47;53;59;61,15,5,2+31->5;7;11;13;17;19;23;29;37;41;43;47;53;59;61,false,false,false,max=2;tops=12;20,0,max=0;tops=6;7;9;10;12;14;15;17;18;19;20;22,9,max=1;tops=17,1,max=1;tops=19,1,max=0;tops=6;7;9;10;12;14;15;17;18;19;20;22,1,max=0;tops=6;7;9;10;12;14;15;17;18;19;20;22,0,max=0;tops=6;7;9;10;12;14;15;17;18;19;20;22,40,max=0;tops=6;7;9;10;12;14;15;17;18;19;20;22,0,max=0;tops=6;7;9;10;12;14;15;17;18;19;20;22,44,max=0;tops=6;7;9;10;12;14;15;17;18;19;20;22,2,max=0;tops=6;7;9;10;12;14;15;17;18;19;20;22,11,S6_6,artifacts/results/anomalies_N65_candidates_S6_6.csv
S6_6:226,2+31,6;7;9;11;12;13;15;17;18;20;21;23,6,23,12,1;2;2;1;1;2;2;1;2;1;2,5835308/5870865,-35557/5870865,259068,5;7;11;13;17;19;23;29;41;43;47;53;59;61,14,5,2+31->5;7;11;13;17;19;23;29;41;43;47;53;59;61,false,false,false,max=2;tops=12;20,0,max=1;tops=13,1,max=1;tops=17,1,max=0;tops=6;7;9;11;12;13;15;17;18;20;21;23,5,max=0;tops=6;7;9;11;12;13;15;17;18;20;21;23,1,max=0;tops=6;7;9;11;12;13;15;17;18;20;21;23,1,max=0;tops=6;7;9;11;12;13;15;17;18;20;21;23,20,max=0;tops=6;7;9;11;12;13;15;17;18;20;21;23,23,max=0;tops=6;7;9;11;12;13;15;17;18;20;21;23,4,max=0;tops=6;7;9;11;12;13;15;17;18;20;21;23,35,max=0;tops=6;7;9;11;12;13;15;17;18;20;21;23,36,S6_6,artifacts/results/anomalies_N65_candidates_S6_6.csv
S6_6:316,19+37,6;7;9;11;13;14;16;18;20;22;24;26;27,6,27,13,1;2;2;2;1;2;2;2;2;2;2;1,2141773/2162160,-20387/2162160,259455,2;3;5;7;11;13;17;23;31;41;43;47;53;59;61,15,2,19+37->2;3;5;7;11;13;17;23;31;41;43;47;53;59;61,false,false,false,max=4;tops=16,1,max=1;tops=13;26,8,max=0;tops=6;7;9;11;13;14;16;18;20;22;24;26;27,3,max=0;tops=6;7;9;11;13;14;16;18;20;22;24;26;27,1,max=0;tops=6;7;9;11;13;14;16;18;20;22;24;26;27,15,max=0;tops=6;7;9;11;13;14;16;18;20;22;24;26;27,1,max=0;tops=6;7;9;11;13;14;16;18;20;22;24;26;27,17,max=0;tops=6;7;9;11;13;14;16;18;20;22;24;26;27,9,max=0;tops=6;7;9;11;13;14;16;18;20;22;24;26;27,42,max=0;tops=6;7;9;11;13;14;16;18;20;22;24;26;27,8,max=0;tops=6;7;9;11;13;14;16;18;20;22;24;26;27,53,S6_6,artifacts/results/anomalies_N65_candidates_S6_6.csv
S6_6:749,2+31,6;8;9;11;13;15;17;19;20;21;23;24;25;27,6,27,14,2;1;2;2;2;2;2;1;1;2;1;1;2,20249681567/20078358300,171323267/20078358300,261118,3;5;7;11;13;17;19;23;29;37;41;43;47;53;59;61,16,3,2+31->3;5;7;11;13;17;19;23;29;37;41;43;47;53;59;61,false,false,false,max=3;tops=8;24,0,max=1;tops=13,1,max=1;tops=17,1,max=1;tops=19,1,max=0;tops=6;8;9;11;13;15;17;19;20;21;23;24;25;27,1,max=0;tops=6;8;9;11;13;15;17;19;20;21;23;24;25;27,0,max=0;tops=6;8;9;11;13;15;17;19;20;21;23;24;25;27,14,max=0;tops=6;8;9;11;13;15;17;19;20;21;23;24;25;27,10,max=0;tops=6;8;9;11;13;15;17;19;20;21;23;24;25;27,27,max=0;tops=6;8;9;11;13;15;17;19;20;21;23;24;25;27,30,max=0;tops=6;8;9;11;13;15;17;19;20;21;23;24;25;27,37,S6_6,artifacts/results/anomalies_N65_candidates_S6_6.csv
S6_6:764,2+31,6;8;9;11;13;15;17;19;20;22;24;25;26;27,6,27,14,2;1;2;2;2;2;2;1;2;2;1;1;1,124878847/124710300,168547/124710300,261118,3;5;7;11;13;17;19;23;29;37;41;43;47;53;59;61,16,3,2+31->3;5;7;11;13;17;19;23;29;37;41;43;47;53;59;61,false,false,false,max=3;tops=8;24,0,max=1;tops=13;26,8,max=1;tops=17,1,max=1;tops=19,1,max=0;tops=6;8;9;11;13;15;17;19;20;22;24;25;26;27,1,max=0;tops=6;8;9;11;13;15;17;19;20;22;24;25;26;27,20,max=0;tops=6;8;9;11;13;15;17;19;20;22;24;25;26;27,4,max=0;tops=6;8;9;11;13;15;17;19;20;22;24;25;26;27,9,max=0;tops=6;8;9;11;13;15;17;19;20;22;24;25;26;27,41,max=0;tops=6;8;9;11;13;15;17;19;20;22;24;25;26;27,43,max=0;tops=6;8;9;11;13;15;17;19;20;22;24;25;26;27,15,S6_6,artifacts/results/anomalies_N65_candidates_S6_6.csv
S6_6:1094,2+31,6;8;10;11;13;15;17;18;20;22;23;24;26;28,6,28,14,2;2;1;2;2;2;1;2;2;1;1;2;2,17530166/17612595,-82429/17612595,261118,3;5;7;11;13;17;19;23;29;37;41;43;47;53;59;61,16,3,2+31->3;5;7;11;13;17;19;23;29;37;41;43;47;53;59;61,false,false,false,max=3;tops=8;24,0,max=1;tops=13;26,8,max=1;tops=17,1,max=0;tops=6;8;10;11;13;15;17;18;20;22;23;24;26;28,18,max=0;tops=6;8;10;11;13;15;17;18;20;22;23;24;26;28,1,max=0;tops=6;8;10;11;13;15;17;18;20;22;23;24;26;28,28,max=0;tops=6;8;10;11;13;15;17;18;20;22;23;24;26;28,39,max=0;tops=6;8;10;11;13;15;17;18;20;22;23;24;26;28,4,max=0;tops=6;8;10;11;13;15;17;18;20;22;23;24;26;28,34,max=0;tops=6;8;10;11;13;15;17;18;20;22;23;24;26;28,33,max=0;tops=6;8;10;11;13;15;17;18;20;22;23;24;26;28,27,S6_6,artifacts/results/anomalies_N65_candidates_S6_6.csv
S6_6:1126,2+31,6;8;10;11;13;15;17;19;21;22;23;24;25;27,6,27,14,2;2;1;2;2;2;2;2;1;1;1;1;2,4983830858/5019589575,-35758717/5019589575,261118,3;5;7;11;13;17;19;23;29;37;41;43;47;53;59;61,16,3,2+31->3;5;7;11;13;17;19;23;29;37;41;43;47;53;59;61,false,false,false,max=3;tops=8;24,0,max=1;tops=13,1,max=1;tops=17,1,max=1;tops=19,1,max=0;tops=6;8;10;11;13;15;17;19;21;22;23;24;25;27,1,max=0;tops=6;8;10;11;13;15;17;19;21;22;23;24;25;27,12,max=0;tops=6;8;10;11;13;15;17;19;21;22;23;24;25;27,8,max=0;tops=6;8;10;11;13;15;17;19;21;22;23;24;25;27,44,max=0;tops=6;8;10;11;13;15;17;19;21;22;23;24;25;27,17,max=0;tops=6;8;10;11;13;15;17;19;21;22;23;24;25;27,38,max=0;tops=6;8;10;11;13;15;17;19;21;22;23;24;25;27,25,S6_6,artifacts/results/anomalies_N65_candidates_S6_6.csv
S6_6:1321,2+31,6;8;10;12;13;15;17;18;19;20;22;24;26;27,6,27,14,2;2;2;1;2;2;1;1;1;2;2;2;1,6224417/6235515,-11098/6235515,261118,3;5;7;11;13;17;19;23;29;37;41;43;47;53;59;61,16,3,2+31->3;5;7;11;13;17;19;23;29;37;41;43;47;53;59;61,false,false,false,max=3;tops=8;24,0,max=1;tops=13;26,8,max=1;tops=17,1,max=1;tops=19,1,max=0;tops=6;8;10;12;13;15;17;18;19;20;22;24;26;27,1,max=0;tops=6;8;10;12;13;15;17;18;19;20;22;24;26;27,15,max=0;tops=6;8;10;12;13;15;17;18;19;20;22;24;26;27,11,max=0;tops=6;8;10;12;13;15;17;18;19;20;22;24;26;27,44,max=0;tops=6;8;10;12;13;15;17;18;19;20;22;24;26;27,39,max=0;tops=6;8;10;12;13;15;17;18;19;20;22;24;26;27,21,max=0;tops=6;8;10;12;13;15;17;18;19;20;22;24;26;27,37,S6_6,artifacts/results/anomalies_N65_candidates_S6_6.csv
S6_6:1359,2+31,6;8;10;12;13;15;17;19;20;21;23;24;25;26,6,26,14,2;2;2;1;2;2;2;1;1;2;1;1;1,50260307/50702925,-442618/50702925,195566,3;5;7;13;17;19;23;29;37;41;43;47;53;61,14,3,2+31->3;5;7;13;17;19;23;29;37;41;43;47;53;61,false,false,false,max=3;tops=8;24,0,max=1;tops=13;26,8,max=1;tops=17,1,max=1;tops=19,1,max=0;tops=6;8;10;12;13;15;17;19;20;21;23;24;25;26,1,max=0;tops=6;8;10;12;13;15;17;19;20;21;23;24;25;26,36,max=0;tops=6;8;10;12;13;15;17;19;20;21;23;24;25;26,20,max=0;tops=6;8;10;12;13;15;17;19;20;21;23;24;25;26,27,max=0;tops=6;8;10;12;13;15;17;19;20;21;23;24;25;26,35,max=0;tops=6;8;10;12;13;15;17;19;20;21;23;24;25;26,1,max=0;tops=6;8;10;12;13;15;17;19;20;21;23;24;25;26,5,S6_6,artifacts/results/anomalies_N65_candidates_S6_6.csv
S6_6:1494,2+31,6;8;10;12;14;15;17;18;19;21;22;23;24;25,6,25,14,2;2;2;2;1;2;1;1;2;1;1;1;1,513967063/514829700,-862637/514829700,261118,3;5;7;11;13;17;19;23;29;37;41;43;47;53;59;61,16,3,2+31->3;5;7;11;13;17;19;23;29;37;41;43;47;53;59;61,false,false,false,max=3;tops=8;24,0,max=0;tops=6;8;10;12;14;15;17;18;19;21;22;23;24;25,8,max=1;tops=17,1,max=1;tops=19,1,max=0;tops=6;8;10;12;14;15;17;18;19;21;22;23;24;25,1,max=0;tops=6;8;10;12;14;15;17;18;19;21;22;23;24;25,31,max=0;tops=6;8;10;12;14;15;17;18;19;21;22;23;24;25,20,max=0;tops=6;8;10;12;14;15;17;18;19;21;22;23;24;25,6,max=0;tops=6;8;10;12;14;15;17;18;19;21;22;23;24;25,43,max=0;tops=6;8;10;12;14;15;17;18;19;21;22;23;24;25,35,max=0;tops=6;8;10;12;14;15;17;18;19;21;22;23;24;25,58,S6_6,artifacts/results/anomalies_N65_candidates_S6_6.csv
S6_6:1543,2+31,6;8;10;12;14;15;17;19;21;22;24;25;26;28;30,6,30,15,2;2;2;2;1;2;2;2;1;2;1;1;2;2,8138038/8083075,54963/8083075,261116,5;7;11;13;17;19;23;29;37;41;43;47;53;59;61,15,5,2+31->5;7;11;13;17;19;23;29;37;41;43;47;53;59;61,false,false,false,max=3;tops=8;24,0,max=1;tops=26,7,max=1;tops=17,1,max=1;tops=19,1,max=0;tops=6;8;10;12;14;15;17;19;21;22;24;25;26;28;30,1,max=0;tops=6;8;10;12;14;15;17;19;21;22;24;25;26;28;30,2,max=0;tops=6;8;10;12;14;15;17;19;21;22;24;25;26;28;30,16,max=0;tops=6;8;10;12;14;15;17;19;21;22;24;25;26;28;30,18,max=0;tops=6;8;10;12;14;15;17;19;21;22;24;25;26;28;30,14,max=0;tops=6;8;10;12;14;15;17;19;21;22;24;25;26;28;30,40,max=0;tops=6;8;10;12;14;15;17;19;21;22;24;25;26;28;30,48,S6_6,artifacts/results/anomalies_N65_candidates_S6_6.csv
S7_7:108,2+31,7;8;9;10;12;13;15;17;19;20;22;23;24,7,24,13,1;1;1;2;1;2;2;2;1;2;1;1,667903853/669278610,-1374757/669278610,130046,3;5;7;11;13;17;19;23;29;37;41;43;47;53;59,15,3,2+31->3;5;7;11;13;17;19;23;29;37;41;43;47;53;59,false,false,false,max=3;tops=8;24,0,max=1;tops=13,1,max=1;tops=17,1,max=1;tops=19,1,max=0;tops=7;8;9;10;12;13;15;17;19;20;22;23;24,1,max=0;tops=7;8;9;10;12;13;15;17;19;20;22;23;24,6,max=0;tops=7;8;9;10;12;13;15;17;19;20;22;23;24,24,max=0;tops=7;8;9;10;12;13;15;17;19;20;22;23;24,3,max=0;tops=7;8;9;10;12;13;15;17;19;20;22;23;24,48,max=0;tops=7;8;9;10;12;13;15;17;19;20;22;23;24,9,max=0;tops=7;8;9;10;12;13;15;17;19;20;22;23;24,1,S7_7,artifacts/results/anomalies_N65_candidates_S7_7.csv
S7_7:135,2+31,7;8;9;10;12;14;15;17;18;19;20;22;24,7,24,13,1;1;1;2;2;1;2;1;1;1;2;2,749509/746130,3379/746130,261116,5;7;11;13;17;19;23;29;37;41;43;47;53;59;61,15,5,2+31->5;7;11;13;17;19;23;29;37;41;43;47;53;59;61,false,false,false,max=3;tops=8;24,0,max=0;tops=7;8;9;10;12;14;15;17;18;19;20;22;24,9,max=1;tops=17,1,max=1;tops=19,1,max=0;tops=7;8;9;10;12;14;15;17;18;19;20;22;24,1,max=0;tops=7;8;9;10;12;14;15;17;18;19;20;22;24,0,max=0;tops=7;8;9;10;12;14;15;17;18;19;20;22;24,40,max=0;tops=7;8;9;10;12;14;15;17;18;19;20;22;24,0,max=0;tops=7;8;9;10;12;14;15;17;18;19;20;22;24,44,max=0;tops=7;8;9;10;12;14;15;17;18;19;20;22;24,2,max=0;tops=7;8;9;10;12;14;15;17;18;19;20;22;24,11,S7_7,artifacts/results/anomalies_N65_candidates_S7_7.csv
S7_7:244,2+31,7;8;9;11;12;13;15;17;18;20;21;23;24,7,24,13,1;1;2;1;1;2;2;1;2;1;2;1,5835308/5870865,-35557/5870865,259068,5;7;11;13;17;19;23;29;41;43;47;53;59;61,14,5,2+31->5;7;11;13;17;19;23;29;41;43;47;53;59;61,false,false,false,max=3;tops=8;24,0,max=1;tops=13,1,max=1;tops=17,1,max=0;tops=7;8;9;11;12;13;15;17;18;20;21;23;24,5,max=0;tops=7;8;9;11;12;13;15;17;18;20;21;23;24,1,max=0;tops=7;8;9;11;12;13;15;17;18;20;21;23;24,1,max=0;tops=7;8;9;11;12;13;15;17;18;20;21;23;24,20,max=0;tops=7;8;9;11;12;13;15;17;18;20;21;23;24,23,max=0;tops=7;8;9;11;12;13;15;17;18;20;21;23;24,4,max=0;tops=7;8;9;11;12;13;15;17;18;20;21;23;24,35,max=0;tops=7;8;9;11;12;13;15;17;18;20;21;23;24,36,S7_7,artifacts/results/anomalies_N65_candidates_S7_7.csv
S7_7:374,2+31,7;8;9;11;13;14;15;17;19;21;22;24;25;26,7,26,14,1;1;2;2;1;1;2;2;2;1;2;1;1,73442602/72747675,694927/72747675,260606,3;5;7;11;13;17;19;23;37;41;43;47;53;59;61,15,3,2+31->3;5;7;11;13;17;19;23;37;41;43;47;53;59;61,false,false,false,max=3;tops=8;24,0,max=1;tops=13;26,8,max=1;tops=17,1,max=1;tops=19,1,max=0;tops=7;8;9;11;13;14;15;17;19;21;22;24;25;26,1,max=0;tops=7;8;9;11;13;14;15;17;19;21;22;24;25;26,19,max=0;tops=7;8;9;11;13;14;15;17;19;21;22;24;25;26,13,max=0;tops=7;8;9;11;13;14;15;17;19;21;22;24;25;26,27,max=0;tops=7;8;9;11;13;14;15;17;19;21;22;24;25;26,21,max=0;tops=7;8;9;11;13;14;15;17;19;21;22;24;25;26,36,max=0;tops=7;8;9;11;13;14;15;17;19;21;22;24;25;26,30,S7_7,artifacts/results/anomalies_N65_candidates_S7_7.csv
S7_7:542,2+31,7;8;9;11;13;15;17;18;19;20;22;23;24;25,7,25,14,1;1;2;2;2;2;1;1;1;2;1;1;1,744443971/743642900,801071/743642900,261116,5;7;11;13;17;19;23;29;37;41;43;47;53;59;61,15,5,2+31->5;7;11;13;17;19;23;29;37;41;43;47;53;59;61,false,false,false,max=3;tops=8;24,0,max=1;tops=13,1,max=1;tops=17,1,max=1;tops=19,1,max=0;tops=7;8;9;11;13;15;17;18;19;20;22;23;24;25,1,max=0;tops=7;8;9;11;13;15;17;18;19;20;22;23;24;25,11,max=0;tops=7;8;9;11;13;15;17;18;19;20;22;23;24;25,17,max=0;tops=7;8;9;11;13;15;17;18;19;20;22;23;24;25,15,max=0;tops=7;8;9;11;13;15;17;18;19;20;22;23;24;25,50,max=0;tops=7;8;9;11;13;15;17;18;19;20;22;23;24;25,31,max=0;tops=7;8;9;11;13;15;17;18;19;20;22;23;24;25,40,S7_7,artifacts/results/anomalies_N65_candidates_S7_7.csv
S7_7:579,2+31,7;8;9;11;13;15;17;19;20;22;24;25;26;28;30,7,30,15,1;1;2;2;2;2;2;1;2;2;1;1;2;2,73442602/72747675,694927/72747675,260606,3;5;7;11;13;17;19;23;37;41;43;47;53;59;61,15,3,2+31->3;5;7;11;13;17;19;23;37;41;43;47;53;59;61,false,false,false,max=3;tops=8;24,0,max=1;tops=13;26,8,max=1;tops=17,1,max=1;tops=19,1,max=0;tops=7;8;9;11;13;15;17;19;20;22;24;25;26;28;30,1,max=0;tops=7;8;9;11;13;15;17;19;20;22;24;25;26;28;30,19,max=0;tops=7;8;9;11;13;15;17;19;20;22;24;25;26;28;30,13,max=0;tops=7;8;9;11;13;15;17;19;20;22;24;25;26;28;30,27,max=0;tops=7;8;9;11;13;15;17;19;20;22;24;25;26;28;30,21,max=0;tops=7;8;9;11;13;15;17;19;20;22;24;25;26;28;30,36,max=0;tops=7;8;9;11;13;15;17;19;20;22;24;25;26;28;30,30,S7_7,artifacts/results/anomalies_N65_candidates_S7_7.csv
S7_7:700,2+31,7;8;10;11;12;13;15;17;19;21;22;24;25;27,7,27,14,1;2;1;1;1;2;2;2;2;1;2;1;2,880760509/872972100,7788409/872972100,261118,3;5;7;11;13;17;19;23;29;37;41;43;47;53;59;61,16,3,2+31->3;5;7;11;13;17;19;23;29;37;41;43;47;53;59;61,false,false,false,max=3;tops=8;24,0,max=1;tops=13,1,max=1;tops=17,1,max=1;tops=19,1,max=0;tops=7;8;10;11;12;13;15;17;19;21;22;24;25;27,1,max=0;tops=7;8;10;11;12;13;15;17;19;21;22;24;25;27,2,max=0;tops=7;8;10;11;12;13;15;17;19;21;22;24;25;27,6,max=0;tops=7;8;10;11;12;13;15;17;19;21;22;24;25;27,22,max=0;tops=7;8;10;11;12;13;15;17;19;21;22;24;25;27,47,max=0;tops=7;8;10;11;12;13;15;17;19;21;22;24;25;27,32,max=0;tops=7;8;10;11;12;13;15;17;19;21;22;24;25;27,57,S7_7,artifacts/results/anomalies_N65_candidates_S7_7.csv
S7_7:847,19+37,7;8;10;11;13;14;15;17;18;20;21;23;25;26,7,26,14,1;2;1;2;1;1;2;1;2;1;2;2;1,709944317/704503800,5440517/704503800,259967,2;3;5;7;11;13;17;23;29;31;41;43;47;53;59;61,16,2,19+37->2;3;5;7;11;13;17;23;29;31;41;43;47;53;59;61,false,false,false,max=3;tops=8,1,max=1;tops=13;26,8,max=1;tops=17,1,max=0;tops=7;8;10;11;13;14;15;17;18;20;21;23;25;26,1,max=0;tops=7;8;10;11;13;14;15;17;18;20;21;23;25;26,18,max=0;tops=7;8;10;11;13;14;15;17;18;20;21;23;25;26,1,max=0;tops=7;8;10;11;13;14;15;17;18;20;21;23;25;26,4,max=0;tops=7;8;10;11;13;14;15;17;18;20;21;23;25;26,42,max=0;tops=7;8;10;11;13;14;15;17;18;20;21;23;25;26,28,max=0;tops=7;8;10;11;13;14;15;17;18;20;21;23;25;26,47,max=0;tops=7;8;10;11;13;14;15;17;18;20;21;23;25;26,36,S7_7,artifacts/results/anomalies_N65_candidates_S7_7.csv
S7_7:1057,2+31,7;8;10;11;13;15;17;18;19;20;21;23;24;25,7,25,14,1;2;1;2;2;2;1;1;1;1;2;1;1,6640117999/6692786100,-52668101/6692786100,261118,3;5;7;11;13;17;19;23;29;37;41;43;47;53;59;61,16,3,2+31->3;5;7;11;13;17;19;23;29;37;41;43;47;53;59;61,false,false,false,max=3;tops=8;24,0,max=1;tops=13,1,max=1;tops=17,1,max=1;tops=19,1,max=0;tops=7;8;10;11;13;15;17;18;19;20;21;23;24;25,1,max=0;tops=7;8;10;11;13;15;17;18;19;20;21;23;24;25,2,max=0;tops=7;8;10;11;13;15;17;18;19;20;21;23;24;25,37,max=0;tops=7;8;10;11;13;15;17;18;19;20;21;23;24;25,21,max=0;tops=7;8;10;11;13;15;17;18;19;20;21;23;24;25,14,max=0;tops=7;8;10;11;13;15;17;18;19;20;21;23;24;25,44,max=0;tops=7;8;10;11;13;15;17;18;19;20;21;23;24;25,7,S7_7,artifacts/results/anomalies_N65_candidates_S7_7.csv
S7_7:1125,2+31,7;8;10;11;13;15;17;19;20;22;23;24;25;26;27,7,27,15,1;2;1;2;2;2;2;1;2;1;1;1;1;1,20277317447/20078358300,198959147/20078358300,261118,3;5;7;11;13;17;19;23;29;37;41;43;47;53;59;61,16,3,2+31->3;5;7;11;13;17;19;23;29;37;41;43;47;53;59;61,false,false,false,max=3;tops=8;24,0,max=1;tops=13;26,8,max=1;tops=17,1,max=1;tops=19,1,max=0;tops=7;8;10;11;13;15;17;19;20;22;23;24;25;26;27,1,max=0;tops=7;8;10;11;13;15;17;19;20;22;23;24;25;26;27,27,max=0;tops=7;8;10;11;13;15;17;19;20;22;23;24;25;26;27,33,max=0;tops=7;8;10;11;13;15;17;19;20;22;23;24;25;26;27,38,max=0;tops=7;8;10;11;13;15;17;19;20;22;23;24;25;26;27,4,max=0;tops=7;8;10;11;13;15;17;19;20;22;23;24;25;26;27,28,max=0;tops=7;8;10;11;13;15;17;19;20;22;23;24;25;26;27,28,S7_7,artifacts/results/anomalies_N65_candidates_S7_7.csv
S7_7:1153,2+31,7;8;10;11;13;15;17;19;20;22;24;26;28;29;30,7,30,15,1;2;1;2;2;2;2;1;2;2;2;2;1;1,55860131/56258202,-398071/56258202,261114,3;7;11;13;17;19;23;29;37;41;43;47;53;59;61,15,3,2+31->3;7;11;13;17;19;23;29;37;41;43;47;53;59;61,false,false,false,max=3;tops=8;24,0,max=1;tops=13;26,8,max=1;tops=17,1,max=1;tops=19,1,max=0;tops=7;8;10;11;13;15;17;19;20;22;24;26;28;29;30,1,max=0;tops=7;8;10;11;13;15;17;19;20;22;24;26;28;29;30,32,max=0;tops=7;8;10;11;13;15;17;19;20;22;24;26;28;29;30,12,max=0;tops=7;8;10;11;13;15;17;19;20;22;24;26;28;29;30,20,max=0;tops=7;8;10;11;13;15;17;19;20;22;24;26;28;29;30,25,max=0;tops=7;8;10;11;13;15;17;19;20;22;24;26;28;29;30,27,max=0;tops=7;8;10;11;13;15;17;19;20;22;24;26;28;29;30,8,S7_7,artifacts/results/anomalies_N65_candidates_S7_7.csv
S7_7:1194,2+31,7;8;10;11;13;15;17;19;21;23;24;26;27;28;30,7,30,15,1;2;1;2;2;2;2;2;2;1;2;1;1;2,3980017537/4015671660,-35654123/4015671660,261118,3;5;7;11;13;17;19;23;29;37;41;43;47;53;59;61,16,3,2+31->3;5;7;11;13;17;19;23;29;37;41;43;47;53;59;61,false,false,false,max=3;tops=8;24,0,max=1;tops=13;26,8,max=1;tops=17,1,max=1;tops=19,1,max=0;tops=7;8;10;11;13;15;17;19;21;23;24;26;27;28;30,1,max=0;tops=7;8;10;11;13;15;17;19;21;23;24;26;27;28;30,34,max=0;tops=7;8;10;11;13;15;17;19;21;23;24;26;27;28;30,34,max=0;tops=7;8;10;11;13;15;17;19;21;23;24;26;27;28;30,13,max=0;tops=7;8;10;11;13;15;17;19;21;23;24;26;27;28;30,45,max=0;tops=7;8;10;11;13;15;17;19;21;23;24;26;27;28;30,14,max=0;tops=7;8;10;11;13;15;17;19;21;23;24;26;27;28;30,38,S7_7,artifacts/results/anomalies_N65_candidates_S7_7.csv
S7_7:1224,2+31,7;8;10;12;13;14;15;17;18;19;21;22;24;26,7,26,14,1;2;2;1;1;1;2;1;1;2;1;2;2,11714369/11639628,74741/11639628,261114,3;7;11;13;17;19;23;29;37;41;43;47;53;59;61,15,3,2+31->3;7;11;13;17;19;23;29;37;41;43;47;53;59;61,false,false,false,max=3;tops=8;24,0,max=1;tops=13;26,8,max=1;tops=17,1,max=1;tops=19,1,max=0;tops=7;8;10;12;13;14;15;17;18;19;21;22;24;26,1,max=0;tops=7;8;10;12;13;14;15;17;18;19;21;22;24;26,14,max=0;tops=7;8;10;12;13;14;15;17;18;19;21;22;24;26,20,max=0;tops=7;8;10;12;13;14;15;17;18;19;21;22;24;26,15,max=0;tops=7;8;10;12;13;14;15;17;18;19;21;22;24;26,19,max=0;tops=7;8;10;12;13;14;15;17;18;19;21;22;24;26,14,max=0;tops=7;8;10;12;13;14;15;17;18;19;21;22;24;26,52,S7_7,artifacts/results/anomalies_N65_candidates_S7_7.csv
S7_7:1467,2+31,7;8;10;12;13;15;17;18;19;20;22;24;26;28;30,7,30,15,1;2;2;1;2;2;1;1;1;2;2;2;2;2,11714369/11639628,74741/11639628,261114,3;7;11;13;17;19;23;29;37;41;43;47;53;59;61,15,3,2+31->3;7;11;13;17;19;23;29;37;41;43;47;53;59;61,false,false,false,max=3;tops=8;24,0,max=1;tops=13;26,8,max=1;tops=17,1,max=1;tops=19,1,max=0;tops=7;8;10;12;13;15;17;18;19;20;22;24;26;28;30,1,max=0;tops=7;8;10;12;13;15;17;18;19;20;22;24;26;28;30,14,max=0;tops=7;8;10;12;13;15;17;18;19;20;22;24;26;28;30,20,max=0;tops=7;8;10;12;13;15;17;18;19;20;22;24;26;28;30,15,max=0;tops=7;8;10;12;13;15;17;18;19;20;22;24;26;28;30,19,max=0;tops=7;8;10;12;13;15;17;18;19;20;22;24;26;28;30,14,max=0;tops=7;8;10;12;13;15;17;18;19;20;22;24;26;28;30,52,S7_7,artifacts/results/anomalies_N65_candidates_S7_7.csv
S7_7:1555,2+31,7;8;10;12;13;15;17;19;20;21;22;24;26;28;29,7,29,15,1;2;2;1;2;2;2;1;1;1;2;2;2;1,187458737/187527340,-68603/187527340,261116,5;7;11;13;17;19;23;29;37;41;43;47;53;59;61,15,5,2+31->5;7;11;13;17;19;23;29;37;41;43;47;53;59;61,false,false,false,max=3;tops=8;24,0,max=1;tops=13;26,8,max=1;tops=17,1,max=1;tops=19,1,max=0;tops=7;8;10;12;13;15;17;19;20;21;22;24;26;28;29,1,max=0;tops=7;8;10;12;13;15;17;19;20;21;22;24;26;28;29,11,max=0;tops=7;8;10;12;13;15;17;19;20;21;22;24;26;28;29,38,max=0;tops=7;8;10;12;13;15;17;19;20;21;22;24;26;28;29,39,max=0;tops=7;8;10;12;13;15;17;19;20;21;22;24;26;28;29,52,max=0;tops=7;8;10;12;13;15;17;19;20;21;22;24;26;28;29,32,max=0;tops=7;8;10;12;13;15;17;19;20;21;22;24;26;28;29,48,S7_7,artifacts/results/anomalies_N65_candidates_S7_7.csv
S7_7:1575,2+31,7;8;10;12;13;15;17;19;20;22;23;24;25;27;28,7,28,15,1;2;2;1;2;2;2;1;2;1;1;1;2;1,20070048347/20078358300,-8309953/20078358300,261118,3;5;7;11;13;17;19;23;29;37;41;43;47;53;59;61,16,3,2+31->3;5;7;11;13;17;19;23;29;37;41;43;47;53;59;61,false,false,false,max=3;tops=8;24,0,max=1;tops=13,1,max=1;tops=17,1,max=1;tops=19,1,max=0;tops=7;8;10;12;13;15;17;19;20;22;23;24;25;27;28,1,max=0;tops=7;8;10;12;13;15;17;19;20;22;23;24;25;27;28,28,max=0;tops=7;8;10;12;13;15;17;19;20;22;23;24;25;27;28,34,max=0;tops=7;8;10;12;13;15;17;19;20;22;23;24;25;27;28,16,max=0;tops=7;8;10;12;13;15;17;19;20;22;23;24;25;27;28,44,max=0;tops=7;8;10;12;13;15;17;19;20;22;23;24;25;27;28,43,max=0;tops=7;8;10;12;13;15;17;19;20;22;23;24;25;27;28,4,S7_7,artifacts/results/anomalies_N65_candidates_S7_7.csv
S7_7:1763,2+31,7;8;10;12;14;15;17;18;19;20;22;24;25;27;28,7,28,15,1;2;2;2;1;2;1;1;1;2;2;1;2;1,9652279/9593100,59179/9593100,260854,3;5;11;13;17;19;29;37;41;43;47;53;59;61,14,3,2+31->3;5;11;13;17;19;29;37;41;43;47;53;59;61,false,false,false,max=3;tops=8;24,0,max=0;tops=7;8;10;12;14;15;17;18;19;20;22;24;25;27;28,0,max=1;tops=17,1,max=1;tops=19,1,max=0;tops=7;8;10;12;14;15;17;18;19;20;22;24;25;27;28,1,max=0;tops=7;8;10;12;14;15;17;18;19;20;22;24;25;27;28,22,max=0;tops=7;8;10;12;14;15;17;18;19;20;22;24;25;27;28,9,max=0;tops=7;8;10;12;14;15;17;18;19;20;22;24;25;27;28,13,max=0;tops=7;8;10;12;14;15;17;18;19;20;22;24;25;27;28,40,max=0;tops=7;8;10;12;14;15;17;18;19;20;22;24;25;27;28,36,max=0;tops=7;8;10;12;14;15;17;18;19;20;22;24;25;27;28,14,S7_7,artifacts/results/anomalies_N65_candidates_S7_7.csv
S7_7:1789,2+31,7;8;10;12;14;15;17;18;19;21;23;24;26;28;30,7,30,15,1;2;2;2;1;2;1;1;2;2;1;2;2;2,60634787/60843510,-208723/60843510,261118,3;5;7;11;13;17;19;23;29;37;41;43;47;53;59;61,16,3,2+31->3;5;7;11;13;17;19;23;29;37;41;43;47;53;59;61,false,false,false,max=3;tops=8;24,0,max=1;tops=26,7,max=1;tops=17,1,max=1;tops=19,1,max=0;tops=7;8;10;12;14;15;17;18;19;21;23;24;26;28;30,1,max=0;tops=7;8;10;12;14;15;17;18;19;21;23;24;26;28;30,16,max=0;tops=7;8;10;12;14;15;17;18;19;21;23;24;26;28;30,5,max=0;tops=7;8;10;12;14;15;17;18;19;21;23;24;26;28;30,22,max=0;tops=7;8;10;12;14;15;17;18;19;21;23;24;26;28;30,18,max=0;tops=7;8;10;12;14;15;17;18;19;21;23;24;26;28;30,11,max=0;tops=7;8;10;12;14;15;17;18;19;21;23;24;26;28;30,10,S7_7,artifacts/results/anomalies_N65_candidates_S7_7.csv
S7_7:2770,19+37,7;9;10;11;13;14;15;16;18;20;22;24;26;27,7,27,14,2;1;1;2;1;1;1;2;2;2;2;2;1,2141773/2162160,-20387/2162160,259455,2;3;5;7;11;13;17;23;31;41;43;47;53;59;61,15,2,19+37->2;3;5;7;11;13;17;23;31;41;43;47;53;59;61,false,false,false,max=4;tops=16,1,max=1;tops=13;26,8,max=0;tops=7;9;10;11;13;14;15;16;18;20;22;24;26;27,3,max=0;tops=7;9;10;11;13;14;15;16;18;20;22;24;26;27,1,max=0;tops=7;9;10;11;13;14;15;16;18;20;22;24;26;27,15,max=0;tops=7;9;10;11;13;14;15;16;18;20;22;24;26;27,1,max=0;tops=7;9;10;11;13;14;15;16;18;20;22;24;26;27,17,max=0;tops=7;9;10;11;13;14;15;16;18;20;22;24;26;27,9,max=0;tops=7;9;10;11;13;14;15;16;18;20;22;24;26;27,42,max=0;tops=7;9;10;11;13;14;15;16;18;20;22;24;26;27,8,max=0;tops=7;9;10;11;13;14;15;16;18;20;22;24;26;27,53,S7_7,artifacts/results/anomalies_N65_candidates_S7_7.csv
S7_7:5256,19+37,7;9;11;12;13;14;16;18;20;21;22;24;26;27;28,7,28,15,2;2;1;1;1;2;2;2;1;1;2;2;1;1,2141773/2162160,-20387/2162160,259455,2;3;5;7;11;13;17;23;31;41;43;47;53;59;61,15,2,19+37->2;3;5;7;11;13;17;23;31;41;43;47;53;59;61,false,false,false,max=4;tops=16,1,max=1;tops=13;26,8,max=0;tops=7;9;11;12;13;14;16;18;20;21;22;24;26;27;28,3,max=0;tops=7;9;11;12;13;14;16;18;20;21;22;24;26;27;28,1,max=0;tops=7;9;11;12;13;14;16;18;20;21;22;24;26;27;28,15,max=0;tops=7;9;11;12;13;14;16;18;20;21;22;24;26;27;28,1,max=0;tops=7;9;11;12;13;14;16;18;20;21;22;24;26;27;28,17,max=0;tops=7;9;11;12;13;14;16;18;20;21;22;24;26;27;28,9,max=0;tops=7;9;11;12;13;14;16;18;20;21;22;24;26;27;28,42,max=0;tops=7;9;11;12;13;14;16;18;20;21;22;24;26;27;28,8,max=0;tops=7;9;11;12;13;14;16;18;20;21;22;24;26;27;28,53,S7_7,artifacts/results/anomalies_N65_candidates_S7_7.csv
S7_7:9817,19+37,7;9;11;13;15;16;18;20;21;22;24;26;27;29;30;32;34,7,34,17,2;2;2;2;1;2;2;1;1;2;2;1;2;1;2;2,2121740549/2131889760,-10149211/2131889760,259967,2;3;5;7;11;13;17;23;29;31;41;43;47;53;59;61,16,2,19+37->2;3;5;7;11;13;17;23;29;31;41;43;47;53;59;61,false,false,false,max=5;tops=32,1,max=1;tops=13;26,8,max=1;tops=34,9,max=0;tops=7;9;11;13;15;16;18;20;21;22;24;26;27;29;30;32;34,1,max=0;tops=7;9;11;13;15;16;18;20;21;22;24;26;27;29;30;32;34,6,max=0;tops=7;9;11;13;15;16;18;20;21;22;24;26;27;29;30;32;34,1,max=0;tops=7;9;11;13;15;16;18;20;21;22;24;26;27;29;30;32;34,25,max=0;tops=7;9;11;13;15;16;18;20;21;22;24;26;27;29;30;32;34,15,max=0;tops=7;9;11;13;15;16;18;20;21;22;24;26;27;29;30;32;34,27,max=0;tops=7;9;11;13;15;16;18;20;21;22;24;26;27;29;30;32;34,7,max=0;tops=7;9;11;13;15;16;18;20;21;22;24;26;27;29;30;32;34,50,S7_7,artifacts/results/anomalies_N65_candidates_S7_7.csv
S8_8:417,2+31,8;9;10;11;13;14;15;17;19;20;22;23;24;26;28,8,28,15,1;1;1;2;1;1;2;2;1;2;1;1;2;2,674812823/669278610,5534213/669278610,261118,3;5;7;11;13;17;19;23;29;37;41;43;47;53;59;61,16,3,2+31->3;5;7;11;13;17;19;23;29;37;41;43;47;53;59;61,false,false,false,max=3;tops=8;24,0,max=1;tops=13;26,8,max=1;tops=17,1,max=1;tops=19,1,max=0;tops=8;9;10;11;13;14;15;17;19;20;22;23;24;26;28,1,max=0;tops=8;9;10;11;13;14;15;17;19;20;22;23;24;26;28,5,max=0;tops=8;9;10;11;13;14;15;17;19;20;22;23;24;26;28,23,max=0;tops=8;9;10;11;13;14;15;17;19;20;22;23;24;26;28,25,max=0;tops=8;9;10;11;13;14;15;17;19;20;22;23;24;26;28,8,max=0;tops=8;9;10;11;13;14;15;17;19;20;22;23;24;26;28,53,max=0;tops=8;9;10;11;13;14;15;17;19;20;22;23;24;26;28,25,S8_8,artifacts/results/anomalies_N65_candidates_S8_8.csv
S8_8:425,2+31,8;9;10;11;13;14;15;17;19;20;22;24;25;27;29,8,29,15,1;1;1;2;1;1;2;2;1;2;2;1;2;2,25370231681/25316190900,54040781/25316190900,261118,3;5;7;11;13;17;19;23;29;37;41;43;47;53;59;61,16,3,2+31->3;5;7;11;13;17;19;23;29;37;41;43;47;53;59;61,false,false,false,max=3;tops=8;24,0,max=1;tops=13,1,max=1;tops=17,1,max=1;tops=19,1,max=0;tops=8;9;10;11;13;14;15;17;19;20;22;24;25;27;29,1,max=0;tops=8;9;10;11;13;14;15;17;19;20;22;24;25;27;29,36,max=0;tops=8;9;10;11;13;14;15;17;19;20;22;24;25;27;29,24,max=0;tops=8;9;10;11;13;14;15;17;19;20;22;24;25;27;29,46,max=0;tops=8;9;10;11;13;14;15;17;19;20;22;24;25;27;29,27,max=0;tops=8;9;10;11;13;14;15;17;19;20;22;24;25;27;29,50,max=0;tops=8;9;10;11;13;14;15;17;19;20;22;24;25;27;29,53,S8_8,artifacts/results/anomalies_N65_candidates_S8_8.csv
S8_8:828,2+31,8;9;10;11;13;15;17;18;19;21;22;23;24;25;27,8,27,15,1;1;1;2;2;2;1;1;2;1;1;1;1;2,4983830858/5019589575,-35758717/5019589575,261118,3;5;7;11;13;17;19;23;29;37;41;43;47;53;59;61,16,3,2+31->3;5;7;11;13;17;19;23;29;37;41;43;47;53;59;61,false,false,false,max=3;tops=8;24,0,max=1;tops=13,1,max=1;tops=17,1,max=1;tops=19,1,max=0;tops=8;9;10;11;13;15;17;18;19;21;22;23;24;25;27,1,max=0;tops=8;9;10;11;13;15;17;18;19;21;22;23;24;25;27,12,max=0;tops=8;9;10;11;13;15;17;18;19;21;22;23;24;25;27,8,max=0;tops=8;9;10;11;13;15;17;18;19;21;22;23;24;25;27,44,max=0;tops=8;9;10;11;13;15;17;18;19;21;22;23;24;25;27,17,max=0;tops=8;9;10;11;13;15;17;18;19;21;22;23;24;25;27,38,max=0;tops=8;9;10;11;13;15;17;18;19;21;22;23;24;25;27,25,S8_8,artifacts/results/anomalies_N65_candidates_S8_8.csv
S8_8:1039,2+31,8;9;10;11;13;15;17;19;21;22;24;25;26;27;28;30,8,30,16,1;1;1;2;2;2;2;2;1;2;1;1;1;1;2,124878847/124710300,168547/124710300,261110,3;5;11;13;17;19;23;29;37;41;43;47;53;59;61,15,3,2+31->3;5;11;13;17;19;23;29;37;41;43;47;53;59;61,false,false,false,max=3;tops=8;24,0,max=1;tops=13;26,8,max=1;tops=17,1,max=1;tops=19,1,max=0;tops=8;9;10;11;13;15;17;19;21;22;24;25;26;27;28;30,1,max=0;tops=8;9;10;11;13;15;17;19;21;22;24;25;26;27;28;30,20,max=0;tops=8;9;10;11;13;15;17;19;21;22;24;25;26;27;28;30,4,max=0;tops=8;9;10;11;13;15;17;19;21;22;24;25;26;27;28;30,9,max=0;tops=8;9;10;11;13;15;17;19;21;22;24;25;26;27;28;30,41,max=0;tops=8;9;10;11;13;15;17;19;21;22;24;25;26;27;28;30,43,max=0;tops=8;9;10;11;13;15;17;19;21;22;24;25;26;27;28;30,15,S8_8,artifacts/results/anomalies_N65_candidates_S8_8.csv
S8_8:1172,2+31,8;9;10;12;13;14;15;17;18;20;22;24;26;28;30,8,30,15,1;1;2;1;1;1;2;1;2;2;2;2;2;2,202871/204204,-1333/204204,252920,7;11;13;17;19;23;29;37;41;47;53;59;61,13,7,2+31->7;11;13;17;19;23;29;37;41;47;53;59;61,false,false,false,max=3;tops=8;24,0,max=1;tops=13;26,8,max=1;tops=17,1,max=0;tops=8;9;10;12;13;14;15;17;18;20;22;24;26;28;30,18,max=0;tops=8;9;10;12;13;14;15;17;18;20;22;24;26;28;30,1,max=0;tops=8;9;10;12;13;14;15;17;18;20;22;24;26;28;30,0,max=0;tops=8;9;10;12;13;14;15;17;18;20;22;24;26;28;30,36,max=0;tops=8;9;10;12;13;14;15;17;18;20;22;24;26;28;30,41,max=0;tops=8;9;10;12;13;14;15;17;18;20;22;24;26;28;30,45,max=0;tops=8;9;10;12;13;14;15;17;18;20;22;24;26;28;30,53,max=0;tops=8;9;10;12;13;14;15;17;18;20;22;24;26;28;30,54,S8_8,artifacts/results/anomalies_N65_candidates_S8_8.csv
S8_8:1614,19+37,8;9;10;12;13;15;16;18;20;22;24;25;27;28;30;32,8,32,16,1;1;2;1;2;1;2;2;2;2;1;2;1;2;2,21525289/21621600,-96311/21621600,259967,2;3;5;7;11;13;17;23;29;31;41;43;47;53;59;61,16,2,19+37->2;3;5;7;11;13;17;23;29;31;41;43;47;53;59;61,false,false,false,max=5;tops=32,1,max=1;tops=13,1,max=0;tops=8;9;10;12;13;15;16;18;20;22;24;25;27;28;30;32,3,max=0;tops=8;9;10;12;13;15;16;18;20;22;24;25;27;28;30;32,1,max=0;tops=8;9;10;12;13;15;16;18;20;22;24;25;27;28;30;32,26,max=0;tops=8;9;10;12;13;15;16;18;20;22;24;25;27;28;30;32,1,max=0;tops=8;9;10;12;13;15;16;18;20;22;24;25;27;28;30;32,21,max=0;tops=8;9;10;12;13;15;16;18;20;22;24;25;27;28;30;32,44,max=0;tops=8;9;10;12;13;15;16;18;20;22;24;25;27;28;30;32,37,max=0;tops=8;9;10;12;13;15;16;18;20;22;24;25;27;28;30;32,57,max=0;tops=8;9;10;12;13;15;16;18;20;22;24;25;27;28;30;32,10,S8_8,artifacts/results/anomalies_N65_candidates_S8_8.csv
S8_8:1637,2+31,8;9;10;12;13;15;17;18;19;20;21;23;24;25;26,8,26,15,1;1;2;1;2;2;1;1;1;1;2;1;1;1,50260307/50702925,-442618/50702925,195564,5;7;13;17;19;23;29;37;41;43;47;53;61,13,5,2+31->5;7;13;17;19;23;29;37;41;43;47;53;61,false,false,false,max=3;tops=8;24,0,max=1;tops=13;26,8,max=1;tops=17,1,max=1;tops=19,1,max=0;tops=8;9;10;12;13;15;17;18;19;20;21;23;24;25;26,1,max=0;tops=8;9;10;12;13;15;17;18;19;20;21;23;24;25;26,36,max=0;tops=8;9;10;12;13;15;17;18;19;20;21;23;24;25;26,20,max=0;tops=8;9;10;12;13;15;17;18;19;20;21;23;24;25;26,27,max=0;tops=8;9;10;12;13;15;17;18;19;20;21;23;24;25;26,35,max=0;tops=8;9;10;12;13;15;17;18;19;20;21;23;24;25;26,1,max=0;tops=8;9;10;12;13;15;17;18;19;20;21;23;24;25;26,5,S8_8,artifacts/results/anomalies_N65_candidates_S8_8.csv
S8_8:1760,2+31,8;9;10;12;13;15;17;18;20;22;24;25;26;28;29;30,8,30,16,1;1;2;1;2;2;1;2;2;2;1;1;2;1;1,147533641/148047900,-514259/148047900,228348,5;7;11;13;17;19;23;29;37;41;43;47;59;61,14,5,2+31->5;7;11;13;17;19;23;29;37;41;43;47;59;61,false,false,false,max=3;tops=8;24,0,max=1;tops=13;26,8,max=1;tops=17,1,max=0;tops=8;9;10;12;13;15;17;18;20;22;24;25;26;28;29;30,2,max=0;tops=8;9;10;12;13;15;17;18;20;22;24;25;26;28;29;30,1,max=0;tops=8;9;10;12;13;15;17;18;20;22;24;25;26;28;29;30,18,max=0;tops=8;9;10;12;13;15;17;18;20;22;24;25;26;28;29;30,32,max=0;tops=8;9;10;12;13;15;17;18;20;22;24;25;26;28;29;30,2,max=0;tops=8;9;10;12;13;15;17;18;20;22;24;25;26;28;29;30,1,max=0;tops=8;9;10;12;13;15;17;18;20;22;24;25;26;28;29;30,39,max=0;tops=8;9;10;12;13;15;17;18;20;22;24;25;26;28;29;30,7,S8_8,artifacts/results/anomalies_N65_candidates_S8_8.csv
S8_8:1808,2+31,8;9;10;12;13;15;17;19;20;21;23;24;26;28;29;30,8,30,16,1;1;2;1;2;2;2;1;1;2;1;2;2;1;1,100750283/100826388,-76105/100826388,261106,3;11;13;17;19;23;29;37;41;43;47;53;59;61,14,3,2+31->3;11;13;17;19;23;29;37;41;43;47;53;59;61,false,false,false,max=3;tops=8;24,0,max=1;tops=13;26,8,max=1;tops=17,1,max=1;tops=19,1,max=0;tops=8;9;10;12;13;15;17;19;20;21;23;24;26;28;29;30,1,max=0;tops=8;9;10;12;13;15;17;19;20;21;23;24;26;28;29;30,9,max=0;tops=8;9;10;12;13;15;17;19;20;21;23;24;26;28;29;30,5,max=0;tops=8;9;10;12;13;15;17;19;20;21;23;24;26;28;29;30,27,max=0;tops=8;9;10;12;13;15;17;19;20;21;23;24;26;28;29;30,32,max=0;tops=8;9;10;12;13;15;17;19;20;21;23;24;26;28;29;30,30,max=0;tops=8;9;10;12;13;15;17;19;20;21;23;24;26;28;29;30,28,S8_8,artifacts/results/anomalies_N65_candidates_S8_8.csv
S8_8:1873,2+31,8;9;10;12;13;15;17;19;21;22;23;24;25;26;28;30,8,30,16,1;1;2;1;2;2;2;2;1;1;1;1;1;2;2,239079938/239028075,51863/239028075,261110,3;5;11;13;17;19;23;29;37;41;43;47;53;59;61,15,3,2+31->3;5;11;13;17;19;23;29;37;41;43;47;53;59;61,false,false,false,max=3;tops=8;24,0,max=1;tops=13;26,8,max=1;tops=17,1,max=1;tops=19,1,max=0;tops=8;9;10;12;13;15;17;19;21;22;23;24;25;26;28;30,1,max=0;tops=8;9;10;12;13;15;17;19;21;22;23;24;25;26;28;30,8,max=0;tops=8;9;10;12;13;15;17;19;21;22;23;24;25;26;28;30,0,max=0;tops=8;9;10;12;13;15;17;19;21;22;23;24;25;26;28;30,21,max=0;tops=8;9;10;12;13;15;17;19;21;22;23;24;25;26;28;30,18,max=0;tops=8;9;10;12;13;15;17;19;21;22;23;24;25;26;28;30,47,max=0;tops=8;9;10;12;13;15;17;19;21;22;23;24;25;26;28;30,38,S8_8,artifacts/results/anomalies_N65_candidates_S8_8.csv
S8_8:2250,2+31,8;9;10;12;14;15;17;18;19;21;22;24;25;26;28;30,8,30,16,1;1;2;2;1;2;1;1;2;1;2;1;1;2;2,8138038/8083075,54963/8083075,261116,5;7;11;13;17;19;23;29;37;41;43;47;53;59;61,15,5,2+31->5;7;11;13;17;19;23;29;37;41;43;47;53;59;61,false,false,false,max=3;tops=8;24,0,max=1;tops=26,7,max=1;tops=17,1,max=1;tops=19,1,max=0;tops=8;9;10;12;14;15;17;18;19;21;22;24;25;26;28;30,1,max=0;tops=8;9;10;12;14;15;17;18;19;21;22;24;25;26;28;30,2,max=0;tops=8;9;10;12;14;15;17;18;19;21;22;24;25;26;28;30,16,max=0;tops=8;9;10;12;14;15;17;18;19;21;22;24;25;26;28;30,18,max=0;tops=8;9;10;12;14;15;17;18;19;21;22;24;25;26;28;30,14,max=0;tops=8;9;10;12;14;15;17;18;19;21;22;24;25;26;28;30,40,max=0;tops=8;9;10;12;14;15;17;18;19;21;22;24;25;26;28;30,48,S8_8,artifacts/results/anomalies_N65_candidates_S8_8.csv
S8_8:2422,2+31,8;9;10;12;14;15;17;19;20;21;23;24;25;27;28;29,8,29,16,1;1;2;2;1;2;2;1;1;2;1;1;2;1;1,4067733941/4071834900,-4100959/4071834900,261118,3;5;7;11;13;17;19;23;29;37;41;43;47;53;59;61,16,3,2+31->3;5;7;11;13;17;19;23;29;37;41;43;47;53;59;61,false,false,false,max=3;tops=8;24,0,max=0;tops=8;9;10;12;14;15;17;19;20;21;23;24;25;27;28;29,8,max=1;tops=17,1,max=1;tops=19,1,max=0;tops=8;9;10;12;14;15;17;19;20;21;23;24;25;27;28;29,1,max=0;tops=8;9;10;12;14;15;17;19;20;21;23;24;25;27;28;29,17,max=0;tops=8;9;10;12;14;15;17;19;20;21;23;24;25;27;28;29,35,max=0;tops=8;9;10;12;14;15;17;19;20;21;23;24;25;27;28;29,25,max=0;tops=8;9;10;12;14;15;17;19;20;21;23;24;25;27;28;29,0,max=0;tops=8;9;10;12;14;15;17;19;20;21;23;24;25;27;28;29,52,max=0;tops=8;9;10;12;14;15;17;19;20;21;23;24;25;27;28;29,51,S8_8,artifacts/results/anomalies_N65_candidates_S8_8.csv
S8_8:2459,2+31,8;9;10;12;14;15;17;19;20;22;24;25;26;27;28;29,8,29,16,1;1;2;2;1;2;2;1;2;2;1;1;1;1;1,25108892381/25316190900,-207298519/25316190900,261118,3;5;7;11;13;17;19;23;29;37;41;43;47;53;59;61,16,3,2+31->3;5;7;11;13;17;19;23;29;37;41;43;47;53;59;61,false,false,false,max=3;tops=8;24,0,max=1;tops=26,7,max=1;tops=17,1,max=1;tops=19,1,max=0;tops=8;9;10;12;14;15;17;19;20;22;24;25;26;27;28;29,1,max=0;tops=8;9;10;12;14;15;17;19;20;22;24;25;26;27;28;29,0,max=0;tops=8;9;10;12;14;15;17;19;20;22;24;25;26;27;28;29,25,max=0;tops=8;9;10;12;14;15;17;19;20;22;24;25;26;27;28;29,24,max=0;tops=8;9;10;12;14;15;17;19;20;22;24;25;26;27;28;29,14,max=0;tops=8;9;10;12;14;15;17;19;20;22;24;25;26;27;28;29,6,max=0;tops=8;9;10;12;14;15;17;19;20;22;24;25;26;27;28;29,29,S8_8,artifacts/results/anomalies_N65_candidates_S8_8.csv
S8_8:2491,2+31,8;9;10;12;14;15;17;19;21;22;23;24;26;27;29;30,8,30,16,1;1;2;2;1;2;2;2;1;1;1;2;1;2;1,115351418873/116454478140,-1103059267/116454478140,228350,3;5;7;11;13;17;19;23;29;37;41;43;47;59;61,15,3,2+31->3;5;7;11;13;17;19;23;29;37;41;43;47;59;61,false,false,false,max=3;tops=8;24,0,max=1;tops=26,7,max=1;tops=17,1,max=1;tops=19,1,max=0;tops=8;9;10;12;14;15;17;19;21;22;23;24;26;27;29;30,1,max=0;tops=8;9;10;12;14;15;17;19;21;22;23;24;26;27;29;30,23,max=0;tops=8;9;10;12;14;15;17;19;21;22;23;24;26;27;29;30,35,max=0;tops=8;9;10;12;14;15;17;19;21;22;23;24;26;27;29;30,22,max=0;tops=8;9;10;12;14;15;17;19;21;22;23;24;26;27;29;30,1,max=0;tops=8;9;10;12;14;15;17;19;21;22;23;24;26;27;29;30,23,max=0;tops=8;9;10;12;14;15;17;19;21;22;23;24;26;27;29;30,24,S8_8,artifacts/results/anomalies_N65_candidates_S8_8.csv
S8_8:3875,2+31,8;9;11;12;13;14;15;17;18;19;21;23;24;26;28,8,28,15,1;2;1;1;1;1;2;1;1;2;2;1;2;2,222941683/223092870,-151187/223092870,261116,5;7;11;13;17;19;23;29;37;41;43;47;53;59;61,15,5,2+31->5;7;11;13;17;19;23;29;37;41;43;47;53;59;61,false,false,false,max=3;tops=8;24,0,max=1;tops=13;26,8,max=1;tops=17,1,max=1;tops=19,1,max=0;tops=8;9;11;12;13;14;15;17;18;19;21;23;24;26;28,1,max=0;tops=8;9;11;12;13;14;15;17;18;19;21;23;24;26;28,33,max=0;tops=8;9;11;12;13;14;15;17;18;19;21;23;24;26;28,2,max=0;tops=8;9;11;12;13;14;15;17;18;19;21;23;24;26;28,31,max=0;tops=8;9;11;12;13;14;15;17;18;19;21;23;24;26;28,25,max=0;tops=8;9;11;12;13;14;15;17;18;19;21;23;24;26;28,7,max=0;tops=8;9;11;12;13;14;15;17;18;19;21;23;24;26;28,53,S8_8,artifacts/results/anomalies_N65_candidates_S8_8.csv
S8_8:3926,2+31,8;9;11;12;13;14;15;17;19;21;22;23;24;25;26,8,26,15,1;2;1;1;1;1;2;2;2;1;1;1;1;1,6649329959/6692786100,-43456141/6692786100,261118,3;5;7;11;13;17;19;23;29;37;41;43;47;53;59;61,16,3,2+31->3;5;7;11;13;17;19;23;29;37;41;43;47;53;59;61,false,false,false,max=3;tops=8;24,0,max=1;tops=13;26,8,max=1;tops=17,1,max=1;tops=19,1,max=0;tops=8;9;11;12;13;14;15;17;19;21;22;23;24;25;26,1,max=0;tops=8;9;11;12;13;14;15;17;19;21;22;23;24;25;26,29,max=0;tops=8;9;11;12;13;14;15;17;19;21;22;23;24;25;26,15,max=0;tops=8;9;11;12;13;14;15;17;19;21;22;23;24;25;26,2,max=0;tops=8;9;11;12;13;14;15;17;19;21;22;23;24;25;26,44,max=0;tops=8;9;11;12;13;14;15;17;19;21;22;23;24;25;26,42,max=0;tops=8;9;11;12;13;14;15;17;19;21;22;23;24;25;26,59,S8_8,artifacts/results/anomalies_N65_candidates_S8_8.csv
S8_8:4503,2+31,8;9;11;12;13;15;17;18;19;21;23;24;25;26;28;29,8,29,16,1;2;1;1;2;2;1;1;2;2;1;1;1;2;1,2316095879/2310604725,5491154/2310604725,261108,5;11;13;17;19;23;29;37;41;43;47;53;59;61,14,5,2+31->5;11;13;17;19;23;29;37;41;43;47;53;59;61,false,false,false,max=3;tops=8;24,0,max=1;tops=13;26,8,max=1;tops=17,1,max=1;tops=19,1,max=0;tops=8;9;11;12;13;15;17;18;19;21;23;24;25;26;28;29,1,max=0;tops=8;9;11;12;13;15;17;18;19;21;23;24;25;26;28;29,14,max=0;tops=8;9;11;12;13;15;17;18;19;21;23;24;25;26;28;29,39,max=0;tops=8;9;11;12;13;15;17;18;19;21;23;24;25;26;28;29,39,max=0;tops=8;9;11;12;13;15;17;18;19;21;23;24;25;26;28;29,34,max=0;tops=8;9;11;12;13;15;17;18;19;21;23;24;25;26;28;29,52,max=0;tops=8;9;11;12;13;15;17;18;19;21;23;24;25;26;28;29,6,S8_8,artifacts/results/anomalies_N65_candidates_S8_8.csv
S8_8:4552,2+31,8;9;11;12;13;15;17;18;20;21;22;24;26;27;29;30,8,30,16,1;2;1;1;2;2;1;2;1;1;2;2;1;2;1,132760409/133243110,-482701/133243110,260862,3;5;7;11;13;17;19;29;37;41;43;47;53;59;61,15,3,2+31->3;5;7;11;13;17;19;29;37;41;43;47;53;59;61,false,false,false,max=3;tops=8;24,0,max=1;tops=13;26,8,max=1;tops=17,1,max=0;tops=8;9;11;12;13;15;17;18;20;21;22;24;26;27;29;30,15,max=0;tops=8;9;11;12;13;15;17;18;20;21;22;24;26;27;29;30,1,max=0;tops=8;9;11;12;13;15;17;18;20;21;22;24;26;27;29;30,16,max=0;tops=8;9;11;12;13;15;17;18;20;21;22;24;26;27;29;30,5,max=0;tops=8;9;11;12;13;15;17;18;20;21;22;24;26;27;29;30,35,max=0;tops=8;9;11;12;13;15;17;18;20;21;22;24;26;27;29;30,11,max=0;tops=8;9;11;12;13;15;17;18;20;21;22;24;26;27;29;30,52,max=0;tops=8;9;11;12;13;15;17;18;20;21;22;24;26;27;29;30,40,S8_8,artifacts/results/anomalies_N65_candidates_S8_8.csv
S8_8:4636,2+31,8;9;11;12;13;15;17;19;20;21;22;24;25;26;27;28,8,28,16,1;2;1;1;2;2;2;1;1;1;2;1;1;1;1,124878847/124710300,168547/124710300,261110,3;5;11;13;17;19;23;29;37;41;43;47;53;59;61,15,3,2+31->3;5;11;13;17;19;23;29;37;41;43;47;53;59;61,false,false,false,max=3;tops=8;24,0,max=1;tops=13;26,8,max=1;tops=17,1,max=1;tops=19,1,max=0;tops=8;9;11;12;13;15;17;19;20;21;22;24;25;26;27;28,1,max=0;tops=8;9;11;12;13;15;17;19;20;21;22;24;25;26;27;28,20,max=0;tops=8;9;11;12;13;15;17;19;20;21;22;24;25;26;27;28,4,max=0;tops=8;9;11;12;13;15;17;19;20;21;22;24;25;26;27;28,9,max=0;tops=8;9;11;12;13;15;17;19;20;21;22;24;25;26;27;28,41,max=0;tops=8;9;11;12;13;15;17;19;20;21;22;24;25;26;27;28,43,max=0;tops=8;9;11;12;13;15;17;19;20;21;22;24;25;26;27;28,15,S8_8,artifacts/results/anomalies_N65_candidates_S8_8.csv
S8_8:4670,2+31,8;9;11;12;13;15;17;19;20;22;23;24;25;26;28;30,8,30,16,1;2;1;1;2;2;2;1;2;1;1;1;1;2;2,6649329959/6692786100,-43456141/6692786100,261118,3;5;7;11;13;17;19;23;29;37;41;43;47;53;59;61,16,3,2+31->3;5;7;11;13;17;19;23;29;37;41;43;47;53;59;61,false,false,false,max=3;tops=8;24,0,max=1;tops=13;26,8,max=1;tops=17,1,max=1;tops=19,1,max=0;tops=8;9;11;12;13;15;17;19;20;22;23;24;25;26;28;30,1,max=0;tops=8;9;11;12;13;15;17;19;20;22;23;24;25;26;28;30,29,max=0;tops=8;9;11;12;13;15;17;19;20;22;23;24;25;26;28;30,15,max=0;tops=8;9;11;12;13;15;17;19;20;22;23;24;25;26;28;30,2,max=0;tops=8;9;11;12;13;15;17;19;20;22;23;24;25;26;28;30,44,max=0;tops=8;9;11;12;13;15;17;19;20;22;23;24;25;26;28;30,42,max=0;tops=8;9;11;12;13;15;17;19;20;22;23;24;25;26;28;30,59,S8_8,artifacts/results/anomalies_N65_candidates_S8_8.csv
S8_8:5214,2+31,8;9;11;12;14;15;17;18;19;20;22;24;25;26;28;30,8,30,16,1;2;1;2;1;2;1;1;1;2;2;1;1;2;2,97005611/96996900,8711/96996900,261116,5;7;11;13;17;19;23;29;37;41;43;47;53;59;61,15,5,2+31->5;7;11;13;17;19;23;29;37;41;43;47;53;59;61,false,false,false,max=3;tops=8;24,0,max=1;tops=26,7,max=1;tops=17,1,max=1;tops=19,1,max=0;tops=8;9;11;12;14;15;17;18;19;20;22;24;25;26;28;30,1,max=0;tops=8;9;11;12;14;15;17;18;19;20;22;24;25;26;28;30,23,max=0;tops=8;9;11;12;14;15;17;18;19;20;22;24;25;26;28;30,31,max=0;tops=8;9;11;12;14;15;17;18;19;20;22;24;25;26;28;30,46,max=0;tops=8;9;11;12;14;15;17;18;19;20;22;24;25;26;28;30,40,max=0;tops=8;9;11;12;14;15;17;18;19;20;22;24;25;26;28;30,35,max=0;tops=8;9;11;12;14;15;17;18;19;20;22;24;25;26;28;30,8,S8_8,artifacts/results/anomalies_N65_candidates_S8_8.csv
S8_8:5277,2+31,8;9;11;12;14;15;17;18;20;21;22;23;24;26;27;28,8,28,16,1;2;1;2;1;2;1;2;1;1;1;1;2;1;1,211828633/211351140,477493/211351140,261118,3;5;7;11;13;17;19;23;29;37;41;43;47;53;59;61,16,3,2+31->3;5;7;11;13;17;19;23;29;37;41;43;47;53;59;61,false,false,false,max=3;tops=8;24,0,max=1;tops=26,7,max=1;tops=17,1,max=0;tops=8;9;11;12;14;15;17;18;20;21;22;23;24;26;27;28,2,max=0;tops=8;9;11;12;14;15;17;18;20;21;22;23;24;26;27;28,1,max=0;tops=8;9;11;12;14;15;17;18;20;21;22;23;24;26;27;28,30,max=0;tops=8;9;11;12;14;15;17;18;20;21;22;23;24;26;27;28,34,max=0;tops=8;9;11;12;14;15;17;18;20;21;22;23;24;26;27;28,12,max=0;tops=8;9;11;12;14;15;17;18;20;21;22;23;24;26;27;28,13,max=0;tops=8;9;11;12;14;15;17;18;20;21;22;23;24;26;27;28,18,max=0;tops=8;9;11;12;14;15;17;18;20;21;22;23;24;26;27;28,35,S8_8,artifacts/results/anomalies_N65_candidates_S8_8.csv
S8_8:5339,19+37,8;9;11;12;14;15;17;18;20;22;24;25;27;29;30;32;34,8,34,17,1;2;1;2;1;2;1;2;2;2;1;2;2;1;2;2,824437819/819957600,4480219/819957600,259967,2;3;5;7;11;13;17;23;29;31;41;43;47;53;59;61,16,2,19+37->2;3;5;7;11;13;17;23;29;31;41;43;47;53;59;61,false,false,false,max=5;tops=32,1,max=0;tops=8;9;11;12;14;15;17;18;20;22;24;25;27;29;30;32;34,7,max=1;tops=17;34,10,max=0;tops=8;9;11;12;14;15;17;18;20;22;24;25;27;29;30;32;34,1,max=0;tops=8;9;11;12;14;15;17;18;20;22;24;25;27;29;30;32;34,27,max=0;tops=8;9;11;12;14;15;17;18;20;22;24;25;27;29;30;32;34,1,max=0;tops=8;9;11;12;14;15;17;18;20;22;24;25;27;29;30;32;34,24,max=0;tops=8;9;11;12;14;15;17;18;20;22;24;25;27;29;30;32;34,24,max=0;tops=8;9;11;12;14;15;17;18;20;22;24;25;27;29;30;32;34,49,max=0;tops=8;9;11;12;14;15;17;18;20;22;24;25;27;29;30;32;34,53,max=0;tops=8;9;11;12;14;15;17;18;20;22;24;25;27;29;30;32;34,7,S8_8,artifacts/results/anomalies_N65_candidates_S8_8.csv
S8_8:5361,19+37,8;9;11;12;14;15;17;18;20;22;24;26;28;29;30;32;34,8,34,17,1;2;1;2;1;2;1;2;2;2;2;2;1;1;2;2,237493171/236876640,616531/236876640,259965,2;5;7;11;13;17;23;29;31;41;43;47;53;59;61,15,2,19+37->2;5;7;11;13;17;23;29;31;41;43;47;53;59;61,false,false,false,max=5;tops=32,1,max=1;tops=26,7,max=1;tops=17;34,10,max=0;tops=8;9;11;12;14;15;17;18;20;22;24;26;28;29;30;32;34,1,max=0;tops=8;9;11;12;14;15;17;18;20;22;24;26;28;29;30;32;34,15,max=0;tops=8;9;11;12;14;15;17;18;20;22;24;26;28;29;30;32;34,1,max=0;tops=8;9;11;12;14;15;17;18;20;22;24;26;28;29;30;32;34,15,max=0;tops=8;9;11;12;14;15;17;18;20;22;24;26;28;29;30;32;34,18,max=0;tops=8;9;11;12;14;15;17;18;20;22;24;26;28;29;30;32;34,11,max=0;tops=8;9;11;12;14;15;17;18;20;22;24;26;28;29;30;32;34,36,max=0;tops=8;9;11;12;14;15;17;18;20;22;24;26;28;29;30;32;34,11,S8_8,artifacts/results/anomalies_N65_candidates_S8_8.csv
S8_8:5392,2+31,8;9;11;12;14;15;17;19;20;21;22;24;25;26;28;29,8,29,16,1;2;1;2;1;2;2;1;1;1;2;1;1;2;1,8382213797/8438730300,-56516503/8438730300,261118,3;5;7;11;13;17;19;23;29;37;41;43;47;53;59;61,16,3,2+31->3;5;7;11;13;17;19;23;29;37;41;43;47;53;59;61,false,false,false,max=3;tops=8;24,0,max=1;tops=26,7,max=1;tops=17,1,max=1;tops=19,1,max=0;tops=8;9;11;12;14;15;17;19;20;21;22;24;25;26;28;29,1,max=0;tops=8;9;11;12;14;15;17;19;20;21;22;24;25;26;28;29,20,max=0;tops=8;9;11;12;14;15;17;19;20;21;22;24;25;26;28;29,8,max=0;tops=8;9;11;12;14;15;17;19;20;21;22;24;25;26;28;29,23,max=0;tops=8;9;11;12;14;15;17;19;20;21;22;24;25;26;28;29,20,max=0;tops=8;9;11;12;14;15;17;19;20;21;22;24;25;26;28;29,53,max=0;tops=8;9;11;12;14;15;17;19;20;21;22;24;25;26;28;29,4,S8_8,artifacts/results/anomalies_N65_candidates_S8_8.csv
S8_8:7535,2+31,8;9;11;13;14;15;17;18;19;20;21;23;24;26;28;30,8,30,16,1;2;2;1;1;2;1;1;1;1;2;1;2;2;2,222941683/223092870,-151187/223092870,261116,5;7;11;13;17;19;23;29;37;41;43;47;53;59;61,15,5,2+31->5;7;11;13;17;19;23;29;37;41;43;47;53;59;61,false,false,false,max=3;tops=8;24,0,max=1;tops=13;26,8,max=1;tops=17,1,max=1;tops=19,1,max=0;tops=8;9;11;13;14;15;17;18;19;20;21;23;24;26;28;30,1,max=0;tops=8;9;11;13;14;15;17;18;19;20;21;23;24;26;28;30,33,max=0;tops=8;9;11;13;14;15;17;18;19;20;21;23;24;26;28;30,2,max=0;tops=8;9;11;13;14;15;17;18;19;20;21;23;24;26;28;30,31,max=0;tops=8;9;11;13;14;15;17;18;19;20;21;23;24;26;28;30,25,max=0;tops=8;9;11;13;14;15;17;18;19;20;21;23;24;26;28;30,7,max=0;tops=8;9;11;13;14;15;17;18;19;20;21;23;24;26;28;30,53,S8_8,artifacts/results/anomalies_N65_candidates_S8_8.csv
S8_8:11873,2+31,8;9;11;13;15;17;18;19;20;21;23;24;25;26;28;29;30,8,30,17,1;2;2;2;2;1;1;1;1;2;1;1;1;2;1;1,2316095879/2310604725,5491154/2310604725,261108,5;11;13;17;19;23;29;37;41;43;47;53;59;61,14,5,2+31->5;11;13;17;19;23;29;37;41;43;47;53;59;61,false,false,false,max=3;tops=8;24,0,max=1;tops=13;26,8,max=1;tops=17,1,max=1;tops=19,1,max=0;tops=8;9;11;13;15;17;18;19;20;21;23;24;25;26;28;29;30,1,max=0;tops=8;9;11;13;15;17;18;19;20;21;23;24;25;26;28;29;30,14,max=0;tops=8;9;11;13;15;17;18;19;20;21;23;24;25;26;28;29;30,39,max=0;tops=8;9;11;13;15;17;18;19;20;21;23;24;25;26;28;29;30,39,max=0;tops=8;9;11;13;15;17;18;19;20;21;23;24;25;26;28;29;30,34,max=0;tops=8;9;11;13;15;17;18;19;20;21;23;24;25;26;28;29;30,52,max=0;tops=8;9;11;13;15;17;18;19;20;21;23;24;25;26;28;29;30,6,S8_8,artifacts/results/anomalies_N65_candidates_S8_8.csv
S8_8:12831,19+37,8;9;11;13;15;17;18;20;22;23;25;26;27;29;31;32;33;35,8,35,18,1;2;2;2;2;1;2;2;1;2;1;1;2;2;1;1;2,688359779761/690926090400,-2566310639/690926090400,259951,2;3;5;7;13;17;23;29;31;41;43;47;53;59;61,15,2,19+37->2;3;5;7;13;17;23;29;31;41;43;47;53;59;61,false,false,false,max=5;tops=32,1,max=1;tops=13;26,8,max=1;tops=17,1,max=0;tops=8;9;11;13;15;17;18;20;22;23;25;26;27;29;31;32;33;35,1,max=1;tops=31,1,max=0;tops=8;9;11;13;15;17;18;20;22;23;25;26;27;29;31;32;33;35,1,max=0;tops=8;9;11;13;15;17;18;20;22;23;25;26;27;29;31;32;33;35,0,max=0;tops=8;9;11;13;15;17;18;20;22;23;25;26;27;29;31;32;33;35,20,max=0;tops=8;9;11;13;15;17;18;20;22;23;25;26;27;29;31;32;33;35,26,max=0;tops=8;9;11;13;15;17;18;20;22;23;25;26;27;29;31;32;33;35,19,max=0;tops=8;9;11;13;15;17;18;20;22;23;25;26;27;29;31;32;33;35,23,S8_8,artifacts/results/anomalies_N65_candidates_S8_8.csv
S8_8:15626,2+31,8;10;11;12;13;14;15;17;18;19;21;22;24;26;27,8,27,15,2;1;1;1;1;1;2;1;1;2;1;2;2;1,34622431/34918884,-296453/34918884,261114,3;7;11;13;17;19;23;29;37;41;43;47;53;59;61,15,3,2+31->3;7;11;13;17;19;23;29;37;41;43;47;53;59;61,false,false,false,max=3;tops=8;24,0,max=1;tops=13;26,8,max=1;tops=17,1,max=1;tops=19,1,max=0;tops=8;10;11;12;13;14;15;17;18;19;21;22;24;26;27,1,max=0;tops=8;10;11;12;13;14;15;17;18;19;21;22;24;26;27,36,max=0;tops=8;10;11;12;13;14;15;17;18;19;21;22;24;26;27,26,max=0;tops=8;10;11;12;13;14;15;17;18;19;21;22;24;26;27,25,max=0;tops=8;10;11;12;13;14;15;17;18;19;21;22;24;26;27,12,max=0;tops=8;10;11;12;13;14;15;17;18;19;21;22;24;26;27,16,max=0;tops=8;10;11;12;13;14;15;17;18;19;21;22;24;26;27,58,S8_8,artifacts/results/anomalies_N65_candidates_S8_8.csv
S8_8:15631,2+31,8;10;11;12;13;14;15;17;18;20;21;22;23;24;26,8,26,15,2;1;1;1;1;1;2;1;2;1;1;1;1;2,17530166/17612595,-82429/17612595,261118,3;5;7;11;13;17;19;23;29;37;41;43;47;53;59;61,16,3,2+31->3;5;7;11;13;17;19;23;29;37;41;43;47;53;59;61,false,false,false,max=3;tops=8;24,0,max=1;tops=13;26,8,max=1;tops=17,1,max=0;tops=8;10;11;12;13;14;15;17;18;20;21;22;23;24;26,18,max=0;tops=8;10;11;12;13;14;15;17;18;20;21;22;23;24;26,1,max=0;tops=8;10;11;12;13;14;15;17;18;20;21;22;23;24;26,28,max=0;tops=8;10;11;12;13;14;15;17;18;20;21;22;23;24;26,39,max=0;tops=8;10;11;12;13;14;15;17;18;20;21;22;23;24;26,4,max=0;tops=8;10;11;12;13;14;15;17;18;20;21;22;23;24;26,34,max=0;tops=8;10;11;12;13;14;15;17;18;20;21;22;23;24;26,33,max=0;tops=8;10;11;12;13;14;15;17;18;20;21;22;23;24;26,27,S8_8,artifacts/results/anomalies_N65_candidates_S8_8.csv
S8_8:15648,2+31,8;10;11;12;13;14;15;17;19;20;22;24;25;27;28;30,8,30,16,2;1;1;1;1;1;2;2;1;2;2;1;2;1;2,880760509/872972100,7788409/872972100,261118,3;5;7;11;13;17;19;23;29;37;41;43;47;53;59;61,16,3,2+31->3;5;7;11;13;17;19;23;29;37;41;43;47;53;59;61,false,false,false,max=3;tops=8;24,0,max=1;tops=13,1,max=1;tops=17,1,max=1;tops=19,1,max=0;tops=8;10;11;12;13;14;15;17;19;20;22;24;25;27;28;30,1,max=0;tops=8;10;11;12;13;14;15;17;19;20;22;24;25;27;28;30,2,max=0;tops=8;10;11;12;13;14;15;17;19;20;22;24;25;27;28;30,6,max=0;tops=8;10;11;12;13;14;15;17;19;20;22;24;25;27;28;30,22,max=0;tops=8;10;11;12;13;14;15;17;19;20;22;24;25;27;28;30,47,max=0;tops=8;10;11;12;13;14;15;17;19;20;22;24;25;27;28;30,32,max=0;tops=8;10;11;12;13;14;15;17;19;20;22;24;25;27;28;30,57,S8_8,artifacts/results/anomalies_N65_candidates_S8_8.csv
S8_8:16405,2+31,8;10;11;12;13;15;17;18;19;20;22;24;26;27;28;30,8,30,16,2;1;1;1;2;2;1;1;1;2;2;2;1;1;2,34622431/34918884,-296453/34918884,261114,3;7;11;13;17;19;23;29;37;41;43;47;53;59;61,15,3,2+31->3;7;11;13;17;19;23;29;37;41;43;47;53;59;61,false,false,false,max=3;tops=8;24,0,max=1;tops=13;26,8,max=1;tops=17,1,max=1;tops=19,1,max=0;tops=8;10;11;12;13;15;17;18;19;20;22;24;26;27;28;30,1,max=0;tops=8;10;11;12;13;15;17;18;19;20;22;24;26;27;28;30,36,max=0;tops=8;10;11;12;13;15;17;18;19;20;22;24;26;27;28;30,26,max=0;tops=8;10;11;12;13;15;17;18;19;20;22;24;26;27;28;30,25,max=0;tops=8;10;11;12;13;15;17;18;19;20;22;24;26;27;28;30,12,max=0;tops=8;10;11;12;13;15;17;18;19;20;22;24;26;27;28;30,16,max=0;tops=8;10;11;12;13;15;17;18;19;20;22;24;26;27;28;30,58,S8_8,artifacts/results/anomalies_N65_candidates_S8_8.csv
S8_8:16424,2+31,8;10;11;12;13;15;17;18;19;21;22;24;25;26;27;29,8,29,16,2;1;1;1;2;2;1;1;2;1;2;1;1;1;2,25178582861/25316190900,-137608039/25316190900,261118,3;5;7;11;13;17;19;23;29;37;41;43;47;53;59;61,16,3,2+31->3;5;7;11;13;17;19;23;29;37;41;43;47;53;59;61,false,false,false,max=3;tops=8;24,0,max=1;tops=13;26,8,max=1;tops=17,1,max=1;tops=19,1,max=0;tops=8;10;11;12;13;15;17;18;19;21;22;24;25;26;27;29,1,max=0;tops=8;10;11;12;13;15;17;18;19;21;22;24;25;26;27;29,17,max=0;tops=8;10;11;12;13;15;17;18;19;21;22;24;25;26;27;29,22,max=0;tops=8;10;11;12;13;15;17;18;19;21;22;24;25;26;27;29,33,max=0;tops=8;10;11;12;13;15;17;18;19;21;22;24;25;26;27;29,21,max=0;tops=8;10;11;12;13;15;17;18;19;21;22;24;25;26;27;29,2,max=0;tops=8;10;11;12;13;15;17;18;19;21;22;24;25;26;27;29,11,S8_8,artifacts/results/anomalies_N65_candidates_S8_8.csv
S8_8:17344,2+31,8;10;11;12;14;15;17;18;19;20;22;23;24;25;26;27,8,27,16,2;1;1;2;1;2;1;1;1;2;1;1;1;1;1,5021830193/5019589575,2240618/5019589575,261118,3;5;7;11;13;17;19;23;29;37;41;43;47;53;59;61,16,3,2+31->3;5;7;11;13;17;19;23;29;37;41;43;47;53;59;61,false,false,false,max=3;tops=8;24,0,max=1;tops=26,7,max=1;tops=17,1,max=1;tops=19,1,max=0;tops=8;10;11;12;14;15;17;18;19;20;22;23;24;25;26;27,1,max=0;tops=8;10;11;12;14;15;17;18;19;20;22;23;24;25;26;27,31,max=0;tops=8;10;11;12;14;15;17;18;19;20;22;23;24;25;26;27,10,max=0;tops=8;10;11;12;14;15;17;18;19;20;22;23;24;25;26;27,10,max=0;tops=8;10;11;12;14;15;17;18;19;20;22;23;24;25;26;27,23,max=0;tops=8;10;11;12;14;15;17;18;19;20;22;23;24;25;26;27,27,max=0;tops=8;10;11;12;14;15;17;18;19;20;22;23;24;25;26;27,6,S8_8,artifacts/results/anomalies_N65_candidates_S8_8.csv
S8_8:17652,2+31,8;10;11;12;14;15;17;19;20;22;23;24;26;27;28;29;30,8,30,17,2;1;1;2;1;2;2;1;2;1;1;2;1;1;1;1,23487032845/23290895628,196137217/23290895628,261114,3;7;11;13;17;19;23;29;37;41;43;47;53;59;61,15,3,2+31->3;7;11;13;17;19;23;29;37;41;43;47;53;59;61,false,false,false,max=3;tops=8;24,0,max=1;tops=26,7,max=1;tops=17,1,max=1;tops=19,1,max=0;tops=8;10;11;12;14;15;17;19;20;22;23;24;26;27;28;29;30,1,max=0;tops=8;10;11;12;14;15;17;19;20;22;23;24;26;27;28;29;30,4,max=0;tops=8;10;11;12;14;15;17;19;20;22;23;24;26;27;28;29;30,36,max=0;tops=8;10;11;12;14;15;17;19;20;22;23;24;26;27;28;29;30,10,max=0;tops=8;10;11;12;14;15;17;19;20;22;23;24;26;27;28;29;30,20,max=0;tops=8;10;11;12;14;15;17;19;20;22;23;24;26;27;28;29;30,56,max=0;tops=8;10;11;12;14;15;17;19;20;22;23;24;26;27;28;29;30,29,S8_8,artifacts/results/anomalies_N65_candidates_S8_8.csv
S8_8:19521,19+37,8;10;11;12;14;16;18;20;22;23;24;25;27;29;31;32;33;35,8,35,18,2;1;1;2;2;2;2;2;1;1;1;2;2;2;1;1;2,448065053/446623200,1441853/446623200,259943,2;3;5;13;17;23;29;31;41;43;47;53;59;61,14,2,19+37->2;3;5;13;17;23;29;31;41;43;47;53;59;61,false,false,false,max=5;tops=32,1,max=0;tops=8;10;11;12;14;16;18;20;22;23;24;25;27;29;31;32;33;35,2,max=0;tops=8;10;11;12;14;16;18;20;22;23;24;25;27;29;31;32;33;35,3,max=0;tops=8;10;11;12;14;16;18;20;22;23;24;25;27;29;31;32;33;35,1,max=1;tops=31,1,max=0;tops=8;10;11;12;14;16;18;20;22;23;24;25;27;29;31;32;33;35,1,max=0;tops=8;10;11;12;14;16;18;20;22;23;24;25;27;29;31;32;33;35,14,max=0;tops=8;10;11;12;14;16;18;20;22;23;24;25;27;29;31;32;33;35,0,max=0;tops=8;10;11;12;14;16;18;20;22;23;24;25;27;29;31;32;33;35,20,max=0;tops=8;10;11;12;14;16;18;20;22;23;24;25;27;29;31;32;33;35,16,max=0;tops=8;10;11;12;14;16;18;20;22;23;24;25;27;29;31;32;33;35,42,S8_8,artifacts/results/anomalies_N65_candidates_S8_8.csv
S8_8:19567,19+37,8;10;11;12;14;16;18;20;22;23;24;26;28;29;31;32;33;35,8,35,18,2;1;1;2;2;2;2;2;1;1;2;2;1;2;1;1;2,542101765/541902816,198949/541902816,259947,2;3;7;13;17;23;29;31;41;43;47;53;59;61,14,2,19+37->2;3;7;13;17;23;29;31;41;43;47;53;59;61,false,false,false,max=5;tops=32,1,max=1;tops=26,7,max=0;tops=8;10;11;12;14;16;18;20;22;23;24;26;28;29;31;32;33;35,9,max=0;tops=8;10;11;12;14;16;18;20;22;23;24;26;28;29;31;32;33;35,1,max=1;tops=31,1,max=0;tops=8;10;11;12;14;16;18;20;22;23;24;26;28;29;31;32;33;35,1,max=0;tops=8;10;11;12;14;16;18;20;22;23;24;26;28;29;31;32;33;35,5,max=0;tops=8;10;11;12;14;16;18;20;22;23;24;26;28;29;31;32;33;35,41,max=0;tops=8;10;11;12;14;16;18;20;22;23;24;26;28;29;31;32;33;35,35,max=0;tops=8;10;11;12;14;16;18;20;22;23;24;26;28;29;31;32;33;35,58,max=0;tops=8;10;11;12;14;16;18;20;22;23;24;26;28;29;31;32;33;35,46,S8_8,artifacts/results/anomalies_N65_candidates_S8_8.csv
S8_8:20604,2+31,8;10;11;13;14;15;17;18;20;22;23;24;26;27;28;29;30,8,30,17,2;1;2;1;1;2;1;2;2;1;1;2;1;1;1;1,615943007/612918306,3024701/612918306,261114,3;7;11;13;17;19;23;29;37;41;43;47;53;59;61,15,3,2+31->3;7;11;13;17;19;23;29;37;41;43;47;53;59;61,false,false,false,max=3;tops=8;24,0,max=1;tops=13;26,8,max=1;tops=17,1,max=0;tops=8;10;11;13;14;15;17;18;20;22;23;24;26;27;28;29;30,0,max=0;tops=8;10;11;13;14;15;17;18;20;22;23;24;26;27;28;29;30,1,max=0;tops=8;10;11;13;14;15;17;18;20;22;23;24;26;27;28;29;30,23,max=0;tops=8;10;11;13;14;15;17;18;20;22;23;24;26;27;28;29;30,34,max=0;tops=8;10;11;13;14;15;17;18;20;22;23;24;26;27;28;29;30,17,max=0;tops=8;10;11;13;14;15;17;18;20;22;23;24;26;27;28;29;30,27,max=0;tops=8;10;11;13;14;15;17;18;20;22;23;24;26;27;28;29;30,37,max=0;tops=8;10;11;13;14;15;17;18;20;22;23;24;26;27;28;29;30,53,S8_8,artifacts/results/anomalies_N65_candidates_S8_8.csv
S8_8:20979,2+31,8;10;11;13;14;15;17;19;21;23;24;25;26;27;28;29;30,8,30,17,2;1;2;1;1;2;2;2;2;1;1;1;1;1;1;1,578880911743/582272390700,-3391478957/582272390700,228350,3;5;7;11;13;17;19;23;29;37;41;43;47;59;61,15,3,2+31->3;5;7;11;13;17;19;23;29;37;41;43;47;59;61,false,false,false,max=3;tops=8;24,0,max=1;tops=13;26,8,max=1;tops=17,1,max=1;tops=19,1,max=0;tops=8;10;11;13;14;15;17;19;21;23;24;25;26;27;28;29;30,1,max=0;tops=8;10;11;13;14;15;17;19;21;23;24;25;26;27;28;29;30,15,max=0;tops=8;10;11;13;14;15;17;19;21;23;24;25;26;27;28;29;30,30,max=0;tops=8;10;11;13;14;15;17;19;21;23;24;25;26;27;28;29;30,21,max=0;tops=8;10;11;13;14;15;17;19;21;23;24;25;26;27;28;29;30,1,max=0;tops=8;10;11;13;14;15;17;19;21;23;24;25;26;27;28;29;30,0,max=0;tops=8;10;11;13;14;15;17;19;21;23;24;25;26;27;28;29;30,52,S8_8,artifacts/results/anomalies_N65_candidates_S8_8.csv
S8_8:26153,2+31,8;10;11;13;15;17;18;19;20;21;22;24;25;26;27;29;30,8,30,17,2;1;2;2;2;1;1;1;1;1;2;1;1;1;2;1,25178582861/25316190900,-137608039/25316190900,261118,3;5;7;11;13;17;19;23;29;37;41;43;47;53;59;61,16,3,2+31->3;5;7;11;13;17;19;23;29;37;41;43;47;53;59;61,false,false,false,max=3;tops=8;24,0,max=1;tops=13;26,8,max=1;tops=17,1,max=1;tops=19,1,max=0;tops=8;10;11;13;15;17;18;19;20;21;22;24;25;26;27;29;30,1,max=0;tops=8;10;11;13;15;17;18;19;20;21;22;24;25;26;27;29;30,17,max=0;tops=8;10;11;13;15;17;18;19;20;21;22;24;25;26;27;29;30,22,max=0;tops=8;10;11;13;15;17;18;19;20;21;22;24;25;26;27;29;30,33,max=0;tops=8;10;11;13;15;17;18;19;20;21;22;24;25;26;27;29;30,21,max=0;tops=8;10;11;13;15;17;18;19;20;21;22;24;25;26;27;29;30,2,max=0;tops=8;10;11;13;15;17;18;19;20;21;22;24;25;26;27;29;30,11,S8_8,artifacts/results/anomalies_N65_candidates_S8_8.csv
S8_8:27034,19+37,8;10;11;13;15;17;18;20;21;23;24;25;26;27;28;29;30;32,8,32,18,2;1;2;2;2;1;2;1;2;1;1;1;1;1;1;1;2,35266298303/35023903200,242395103/35023903200,259959,2;3;5;11;13;17;23;29;31;41;43;47;53;59;61,15,2,19+37->2;3;5;11;13;17;23;29;31;41;43;47;53;59;61,false,false,false,max=5;tops=32,1,max=1;tops=13;26,8,max=1;tops=17,1,max=0;tops=8;10;11;13;15;17;18;20;21;23;24;25;26;27;28;29;30;32,1,max=0;tops=8;10;11;13;15;17;18;20;21;23;24;25;26;27;28;29;30;32,28,max=0;tops=8;10;11;13;15;17;18;20;21;23;24;25;26;27;28;29;30;32,1,max=0;tops=8;10;11;13;15;17;18;20;21;23;24;25;26;27;28;29;30;32,37,max=0;tops=8;10;11;13;15;17;18;20;21;23;24;25;26;27;28;29;30;32,31,max=0;tops=8;10;11;13;15;17;18;20;21;23;24;25;26;27;28;29;30;32,37,max=0;tops=8;10;11;13;15;17;18;20;21;23;24;25;26;27;28;29;30;32,43,max=0;tops=8;10;11;13;15;17;18;20;21;23;24;25;26;27;28;29;30;32,55,S8_8,artifacts/results/anomalies_N65_candidates_S8_8.csv
S8_8:31634,19+37,8;10;12;13;14;15;16;18;20;22;23;25;26;27;29;30;31,8,31,17,2;2;1;1;1;1;2;2;2;1;2;1;1;2;1;1,222621266789/223534911600,-913644811/223534911600,259967,2;3;5;7;11;13;17;23;29;31;41;43;47;53;59;61,16,2,19+37->2;3;5;7;11;13;17;23;29;31;41;43;47;53;59;61,false,false,false,max=4;tops=16,1,max=1;tops=13;26,8,max=0;tops=8;10;12;13;14;15;16;18;20;22;23;25;26;27;29;30;31,11,max=0;tops=8;10;12;13;14;15;16;18;20;22;23;25;26;27;29;30;31,1,max=1;tops=31,1,max=0;tops=8;10;12;13;14;15;16;18;20;22;23;25;26;27;29;30;31,1,max=0;tops=8;10;12;13;14;15;16;18;20;22;23;25;26;27;29;30;31,25,max=0;tops=8;10;12;13;14;15;16;18;20;22;23;25;26;27;29;30;31,37,max=0;tops=8;10;12;13;14;15;16;18;20;22;23;25;26;27;29;30;31,18,max=0;tops=8;10;12;13;14;15;16;18;20;22;23;25;26;27;29;30;31,55,max=0;tops=8;10;12;13;14;15;16;18;20;22;23;25;26;27;29;30;31,55,S8_8,artifacts/results/anomalies_N65_candidates_S8_8.csv
S8_8:31719,2+31,8;10;12;13;14;15;17;18;19;20;22;24;25;26;28;29;30,8,30,17,2;2;1;1;1;2;1;1;1;2;2;1;1;2;1;1,8518690987/8438730300,79960687/8438730300,261118,3;5;7;11;13;17;19;23;29;37;41;43;47;53;59;61,16,3,2+31->3;5;7;11;13;17;19;23;29;37;41;43;47;53;59;61,false,false,false,max=3;tops=8;24,0,max=1;tops=13;26,8,max=1;tops=17,1,max=1;tops=19,1,max=0;tops=8;10;12;13;14;15;17;18;19;20;22;24;25;26;28;29;30,1,max=0;tops=8;10;12;13;14;15;17;18;19;20;22;24;25;26;28;29;30,32,max=0;tops=8;10;12;13;14;15;17;18;19;20;22;24;25;26;28;29;30,16,max=0;tops=8;10;12;13;14;15;17;18;19;20;22;24;25;26;28;29;30,23,max=0;tops=8;10;12;13;14;15;17;18;19;20;22;24;25;26;28;29;30,28,max=0;tops=8;10;12;13;14;15;17;18;19;20;22;24;25;26;28;29;30,0,max=0;tops=8;10;12;13;14;15;17;18;19;20;22;24;25;26;28;29;30,5,S8_8,artifacts/results/anomalies_N65_candidates_S8_8.csv
S8_8:31795,2+31,8;10;12;13;14;15;17;18;19;21;23;24;25;26;27;28;30,8,30,17,2;2;1;1;1;2;1;1;2;2;1;1;1;1;1;2,919654961/912652650,7002311/912652650,260606,3;5;7;11;13;17;19;23;37;41;43;47;53;59;61,15,3,2+31->3;5;7;11;13;17;19;23;37;41;43;47;53;59;61,false,false,false,max=3;tops=8;24,0,max=1;tops=13;26,8,max=1;tops=17,1,max=1;tops=19,1,max=0;tops=8;10;12;13;14;15;17;18;19;21;23;24;25;26;27;28;30,1,max=0;tops=8;10;12;13;14;15;17;18;19;21;23;24;25;26;27;28;30,34,max=0;tops=8;10;12;13;14;15;17;18;19;21;23;24;25;26;27;28;30,38,max=0;tops=8;10;12;13;14;15;17;18;19;21;23;24;25;26;27;28;30,16,max=0;tops=8;10;12;13;14;15;17;18;19;21;23;24;25;26;27;28;30,48,max=0;tops=8;10;12;13;14;15;17;18;19;21;23;24;25;26;27;28;30,46,max=0;tops=8;10;12;13;14;15;17;18;19;21;23;24;25;26;27;28;30,35,S8_8,artifacts/results/anomalies_N65_candidates_S8_8.csv
S8_8:32112,2+31,8;10;12;13;14;15;17;19;20;21;23;24;25;26;27;29;30,8,30,17,2;2;1;1;1;2;2;1;1;2;1;1;1;1;2;1,26490360649/26466926850,23433799/26466926850,261118,3;5;7;11;13;17;19;23;29;37;41;43;47;53;59;61,16,3,2+31->3;5;7;11;13;17;19;23;29;37;41;43;47;53;59;61,false,false,false,max=3;tops=8;24,0,max=1;tops=13;26,8,max=1;tops=17,1,max=1;tops=19,1,max=0;tops=8;10;12;13;14;15;17;19;20;21;23;24;25;26;27;29;30,1,max=0;tops=8;10;12;13;14;15;17;19;20;21;23;24;25;26;27;29;30,31,max=0;tops=8;10;12;13;14;15;17;19;20;21;23;24;25;26;27;29;30,15,max=0;tops=8;10;12;13;14;15;17;19;20;21;23;24;25;26;27;29;30,40,max=0;tops=8;10;12;13;14;15;17;19;20;21;23;24;25;26;27;29;30,28,max=0;tops=8;10;12;13;14;15;17;19;20;21;23;24;25;26;27;29;30,5,max=0;tops=8;10;12;13;14;15;17;19;20;21;23;24;25;26;27;29;30,31,S8_8,artifacts/results/anomalies_N65_candidates_S8_8.csv
S8_8:34522,19+37,8;10;12;13;14;16;18;20;21;22;24;26;27;29;30;31;33;35,8,35,18,2;2;1;1;2;2;2;1;1;2;2;1;2;1;1;2;2,1931979173/1943781840,-11802667/1943781840,259967,2;3;5;7;11;13;17;23;29;31;41;43;47;53;59;61,16,2,19+37->2;3;5;7;11;13;17;23;29;31;41;43;47;53;59;61,false,false,false,max=4;tops=16,1,max=1;tops=13;26,8,max=0;tops=8;10;12;13;14;16;18;20;21;22;24;26;27;29;30;31;33;35,3,max=0;tops=8;10;12;13;14;16;18;20;21;22;24;26;27;29;30;31;33;35,1,max=1;tops=31,1,max=0;tops=8;10;12;13;14;16;18;20;21;22;24;26;27;29;30;31;33;35,1,max=0;tops=8;10;12;13;14;16;18;20;21;22;24;26;27;29;30;31;33;35,19,max=0;tops=8;10;12;13;14;16;18;20;21;22;24;26;27;29;30;31;33;35,2,max=0;tops=8;10;12;13;14;16;18;20;21;22;24;26;27;29;30;31;33;35,4,max=0;tops=8;10;12;13;14;16;18;20;21;22;24;26;27;29;30;31;33;35,27,max=0;tops=8;10;12;13;14;16;18;20;21;22;24;26;27;29;30;31;33;35,11,S8_8,artifacts/results/anomalies_N65_candidates_S8_8.csv
S8_8:34601,19+37,8;10;12;13;14;16;18;20;21;23;24;25;27;29;30;32;33;34,8,34,18,2;2;1;1;2;2;2;1;2;1;1;2;2;1;2;1;1,243530202011/245167322400,-1637120389/245167322400,259967,2;3;5;7;11;13;17;23;29;31;41;43;47;53;59;61,16,2,19+37->2;3;5;7;11;13;17;23;29;31;41;43;47;53;59;61,false,false,false,max=5;tops=32,1,max=1;tops=13,1,max=1;tops=34,9,max=0;tops=8;10;12;13;14;16;18;20;21;23;24;25;27;29;30;32;33;34,1,max=0;tops=8;10;12;13;14;16;18;20;21;23;24;25;27;29;30;32;33;34,27,max=0;tops=8;10;12;13;14;16;18;20;21;23;24;25;27;29;30;32;33;34,1,max=0;tops=8;10;12;13;14;16;18;20;21;23;24;25;27;29;30;32;33;34,15,max=0;tops=8;10;12;13;14;16;18;20;21;23;24;25;27;29;30;32;33;34,29,max=0;tops=8;10;12;13;14;16;18;20;21;23;24;25;27;29;30;32;33;34,47,max=0;tops=8;10;12;13;14;16;18;20;21;23;24;25;27;29;30;32;33;34,44,max=0;tops=8;10;12;13;14;16;18;20;21;23;24;25;27;29;30;32;33;34,44,S8_8,artifacts/results/anomalies_N65_candidates_S8_8.csv
S8_8:34636,19+37,8;10;12;13;14;16;18;20;21;23;24;26;28;29;30;32;33;34,8,34,18,2;2;1;1;2;2;2;1;2;1;2;2;1;1;2;1;1,16188581741/16344488160,-155906419/16344488160,259967,2;3;5;7;11;13;17;23;29;31;41;43;47;53;59;61,16,2,19+37->2;3;5;7;11;13;17;23;29;31;41;43;47;53;59;61,false,false,false,max=5;tops=32,1,max=1;tops=13;26,8,max=1;tops=34,9,max=0;tops=8;10;12;13;14;16;18;20;21;23;24;26;28;29;30;32;33;34,1,max=0;tops=8;10;12;13;14;16;18;20;21;23;24;26;28;29;30;32;33;34,15,max=0;tops=8;10;12;13;14;16;18;20;21;23;24;26;28;29;30;32;33;34,1,max=0;tops=8;10;12;13;14;16;18;20;21;23;24;26;28;29;30;32;33;34,6,max=0;tops=8;10;12;13;14;16;18;20;21;23;24;26;28;29;30;32;33;34,23,max=0;tops=8;10;12;13;14;16;18;20;21;23;24;26;28;29;30;32;33;34,9,max=0;tops=8;10;12;13;14;16;18;20;21;23;24;26;28;29;30;32;33;34,27,max=0;tops=8;10;12;13;14;16;18;20;21;23;24;26;28;29;30;32;33;34,48,S8_8,artifacts/results/anomalies_N65_candidates_S8_8.csv
S8_8:34799,19+37,8;10;12;13;14;16;18;20;22;23;24;25;26;27;29;30;32;33,8,33,18,2;2;1;1;2;2;2;2;1;1;1;1;1;2;1;2;1,14424602683/14421607200,2995483/14421607200,259967,2;3;5;7;11;13;17;23;29;31;41;43;47;53;59;61,16,2,19+37->2;3;5;7;11;13;17;23;29;31;41;43;47;53;59;61,false,false,false,max=5;tops=32,1,max=1;tops=13;26,8,max=0;tops=8;10;12;13;14;16;18;20;22;23;24;25;26;27;29;30;32;33,4,max=0;tops=8;10;12;13;14;16;18;20;22;23;24;25;26;27;29;30;32;33,1,max=0;tops=8;10;12;13;14;16;18;20;22;23;24;25;26;27;29;30;32;33,2,max=0;tops=8;10;12;13;14;16;18;20;22;23;24;25;26;27;29;30;32;33,1,max=0;tops=8;10;12;13;14;16;18;20;22;23;24;25;26;27;29;30;32;33,36,max=0;tops=8;10;12;13;14;16;18;20;22;23;24;25;26;27;29;30;32;33,8,max=0;tops=8;10;12;13;14;16;18;20;22;23;24;25;26;27;29;30;32;33,52,max=0;tops=8;10;12;13;14;16;18;20;22;23;24;25;26;27;29;30;32;33,42,max=0;tops=8;10;12;13;14;16;18;20;22;23;24;25;26;27;29;30;32;33,21,S8_8,artifacts/results/anomalies_N65_candidates_S8_8.csv
S8_8:39557,19+37,8;10;12;13;15;17;18;20;21;22;23;24;25;27;29;30;32;34,8,34,18,2;2;1;2;2;1;2;1;1;1;1;1;2;2;1;2;2,245176044521/245167322400,8722121/245167322400,259967,2;3;5;7;11;13;17;23;29;31;41;43;47;53;59;61,16,2,19+37->2;3;5;7;11;13;17;23;29;31;41;43;47;53;59;61,false,false,false,max=5;tops=32,1,max=1;tops=13,1,max=1;tops=17;34,10,max=0;tops=8;10;12;13;15;17;18;20;21;22;23;24;25;27;29;30;32;34,1,max=0;tops=8;10;12;13;15;17;18;20;21;22;23;24;25;27;29;30;32;34,22,max=0;tops=8;10;12;13;15;17;18;20;21;22;23;24;25;27;29;30;32;34,1,max=0;tops=8;10;12;13;15;17;18;20;21;22;23;24;25;27;29;30;32;34,16,max=0;tops=8;10;12;13;15;17;18;20;21;22;23;24;25;27;29;30;32;34,5,max=0;tops=8;10;12;13;15;17;18;20;21;22;23;24;25;27;29;30;32;34,32,max=0;tops=8;10;12;13;15;17;18;20;21;22;23;24;25;27;29;30;32;34,45,max=0;tops=8;10;12;13;15;17;18;20;21;22;23;24;25;27;29;30;32;34,17,S8_8,artifacts/results/anomalies_N65_candidates_S8_8.csv
S8_8:39581,19+37,8;10;12;13;15;17;18;20;21;22;23;24;26;28;29;30;32;34,8,34,18,2;2;1;2;2;1;2;1;1;1;1;2;2;1;1;2;2,465665845/466985376,-1319531/466985376,259955,2;3;11;13;17;23;29;31;41;43;47;53;59;61,14,2,19+37->2;3;11;13;17;23;29;31;41;43;47;53;59;61,false,false,false,max=5;tops=32,1,max=1;tops=13;26,8,max=1;tops=17;34,10,max=0;tops=8;10;12;13;15;17;18;20;21;22;23;24;26;28;29;30;32;34,1,max=0;tops=8;10;12;13;15;17;18;20;21;22;23;24;26;28;29;30;32;34,10,max=0;tops=8;10;12;13;15;17;18;20;21;22;23;24;26;28;29;30;32;34,1,max=0;tops=8;10;12;13;15;17;18;20;21;22;23;24;26;28;29;30;32;34,7,max=0;tops=8;10;12;13;15;17;18;20;21;22;23;24;26;28;29;30;32;34,46,max=0;tops=8;10;12;13;15;17;18;20;21;22;23;24;26;28;29;30;32;34,47,max=0;tops=8;10;12;13;15;17;18;20;21;22;23;24;26;28;29;30;32;34,28,max=0;tops=8;10;12;13;15;17;18;20;21;22;23;24;26;28;29;30;32;34,21,S8_8,artifacts/results/anomalies_N65_candidates_S8_8.csv
S8_8:47740,19+37,8;10;12;14;15;16;18;20;22;23;24;25;26;27;28;30;31;32,8,32,18,2;2;2;1;1;2;2;2;1;1;1;1;1;1;2;1;1,15310412657/15416200800,-105788143/15416200800,259455,2;3;5;7;11;13;17;23;31;41;43;47;53;59;61,15,2,19+37->2;3;5;7;11;13;17;23;31;41;43;47;53;59;61,false,false,false,max=5;tops=32,1,max=1;tops=26,7,max=0;tops=8;10;12;14;15;16;18;20;22;23;24;25;26;27;28;30;31;32,7,max=0;tops=8;10;12;14;15;16;18;20;22;23;24;25;26;27;28;30;31;32,1,max=1;tops=31,1,max=0;tops=8;10;12;14;15;16;18;20;22;23;24;25;26;27;28;30;31;32,1,max=0;tops=8;10;12;14;15;16;18;20;22;23;24;25;26;27;28;30;31;32,32,max=0;tops=8;10;12;14;15;16;18;20;22;23;24;25;26;27;28;30;31;32,17,max=0;tops=8;10;12;14;15;16;18;20;22;23;24;25;26;27;28;30;31;32,41,max=0;tops=8;10;12;14;15;16;18;20;22;23;24;25;26;27;28;30;31;32,23,max=0;tops=8;10;12;14;15;16;18;20;22;23;24;25;26;27;28;30;31;32,41,S8_8,artifacts/results/anomalies_N65_candidates_S8_8.csv
S8_8:48270,19+37,8;10;12;14;15;16;18;20;22;24;25;27;28;30;31;32;33;34;35,8,35,19,2;2;2;1;1;2;2;2;2;1;2;1;2;1;1;1;1;1,876054371/876506400,-452029/876506400,259967,2;3;5;7;11;13;17;23;29;31;41;43;47;53;59;61,16,2,19+37->2;3;5;7;11;13;17;23;29;31;41;43;47;53;59;61,false,false,false,max=5;tops=32,1,max=0;tops=8;10;12;14;15;16;18;20;22;24;25;27;28;30;31;32;33;34;35,12,max=1;tops=34,9,max=0;tops=8;10;12;14;15;16;18;20;22;24;25;27;28;30;31;32;33;34;35,1,max=1;tops=31,1,max=0;tops=8;10;12;14;15;16;18;20;22;24;25;27;28;30;31;32;33;34;35,1,max=0;tops=8;10;12;14;15;16;18;20;22;24;25;27;28;30;31;32;33;34;35,10,max=0;tops=8;10;12;14;15;16;18;20;22;24;25;27;28;30;31;32;33;34;35,5,max=0;tops=8;10;12;14;15;16;18;20;22;24;25;27;28;30;31;32;33;34;35,41,max=0;tops=8;10;12;14;15;16;18;20;22;24;25;27;28;30;31;32;33;34;35,15,max=0;tops=8;10;12;14;15;16;18;20;22;24;25;27;28;30;31;32;33;34;35,32,S8_8,artifacts/results/anomalies_N65_candidates_S8_8.csv
S8_8:49638,19+37,8;10;12;14;15;17;18;20;21;22;23;24;25;26;28;29;30;31,8,31,18,2;2;2;1;2;1;2;1;1;1;1;1;1;2;1;1;1,317711933549/316674458100,1037475449/316674458100,259966,3;5;7;11;13;17;23;29;31;41;43;47;53;59;61,15,3,19+37->3;5;7;11;13;17;23;29;31;41;43;47;53;59;61,false,false,false,max=3;tops=8;24,0,max=1;tops=26,7,max=1;tops=17,1,max=0;tops=8;10;12;14;15;17;18;20;21;22;23;24;25;26;28;29;30;31,1,max=1;tops=31,1,max=0;tops=8;10;12;14;15;17;18;20;21;22;23;24;25;26;28;29;30;31,1,max=0;tops=8;10;12;14;15;17;18;20;21;22;23;24;25;26;28;29;30;31,15,max=0;tops=8;10;12;14;15;17;18;20;21;22;23;24;25;26;28;29;30;31,40,max=0;tops=8;10;12;14;15;17;18;20;21;22;23;24;25;26;28;29;30;31,2,max=0;tops=8;10;12;14;15;17;18;20;21;22;23;24;25;26;28;29;30;31,25,max=0;tops=8;10;12;14;15;17;18;20;21;22;23;24;25;26;28;29;30;31,16,S8_8,artifacts/results/anomalies_N65_candidates_S8_8.csv
S8_8:50323,19+37,8;10;12;14;15;17;18;20;22;23;24;25;27;29;30;31;32;34;36,8,36,19,2;2;2;1;2;1;2;2;1;1;1;2;2;1;1;1;2;2,588697544027/584629768800,4067775227/584629768800,259967,2;3;5;7;11;13;17;23;29;31;41;43;47;53;59;61,16,2,19+37->2;3;5;7;11;13;17;23;29;31;41;43;47;53;59;61,false,false,false,max=5;tops=32,1,max=0;tops=8;10;12;14;15;17;18;20;22;23;24;25;27;29;30;31;32;34;36,5,max=1;tops=17;34,10,max=0;tops=8;10;12;14;15;17;18;20;22;23;24;25;27;29;30;31;32;34;36,1,max=1;tops=31,1,max=0;tops=8;10;12;14;15;17;18;20;22;23;24;25;27;29;30;31;32;34;36,1,max=0;tops=8;10;12;14;15;17;18;20;22;23;24;25;27;29;30;31;32;34;36,10,max=0;tops=8;10;12;14;15;17;18;20;22;23;24;25;27;29;30;31;32;34;36,18,max=0;tops=8;10;12;14;15;17;18;20;22;23;24;25;27;29;30;31;32;34;36,47,max=0;tops=8;10;12;14;15;17;18;20;22;23;24;25;27;29;30;31;32;34;36,10,max=0;tops=8;10;12;14;15;17;18;20;22;23;24;25;27;29;30;31;32;34;36,27,S8_8,artifacts/results/anomalies_N65_candidates_S8_8.csv
S8_8:50412,19+37,8;10;12;14;15;17;18;20;22;23;24;26;28;29;30;31;32;34;36,8,36,19,2;2;2;1;2;1;2;2;1;1;2;2;1;1;1;1;2;2,33916988087/33778608864,138379223/33778608864,255865,2;7;11;13;17;23;29;31;43;47;53;59;61,13,2,19+37->2;7;11;13;17;23;29;31;43;47;53;59;61,false,false,false,max=5;tops=32,1,max=1;tops=26,7,max=1;tops=17;34,10,max=0;tops=8;10;12;14;15;17;18;20;22;23;24;26;28;29;30;31;32;34;36,1,max=1;tops=31,1,max=0;tops=8;10;12;14;15;17;18;20;22;23;24;26;28;29;30;31;32;34;36,1,max=0;tops=8;10;12;14;15;17;18;20;22;23;24;26;28;29;30;31;32;34;36,1,max=0;tops=8;10;12;14;15;17;18;20;22;23;24;26;28;29;30;31;32;34;36,12,max=0;tops=8;10;12;14;15;17;18;20;22;23;24;26;28;29;30;31;32;34;36,9,max=0;tops=8;10;12;14;15;17;18;20;22;23;24;26;28;29;30;31;32;34;36,52,max=0;tops=8;10;12;14;15;17;18;20;22;23;24;26;28;29;30;31;32;34;36,31,S8_8,artifacts/results/anomalies_N65_candidates_S8_8.csv
S8_8:57404,19+37,8;10;12;14;16;17;18;20;21;23;24;26;27;28;29;31;32;33;34,8,34,19,2;2;2;2;1;1;2;1;2;1;2;1;1;1;2;1;1;1,1532689345417/1520037398880,12651946537/1520037398880,259967,2;3;5;7;11;13;17;23;29;31;41;43;47;53;59;61,16,2,19+37->2;3;5;7;11;13;17;23;29;31;41;43;47;53;59;61,false,false,false,max=5;tops=32,1,max=1;tops=26,7,max=1;tops=17;34,10,max=0;tops=8;10;12;14;16;17;18;20;21;23;24;26;27;28;29;31;32;33;34,1,max=1;tops=31,1,max=0;tops=8;10;12;14;16;17;18;20;21;23;24;26;27;28;29;31;32;33;34,1,max=0;tops=8;10;12;14;16;17;18;20;21;23;24;26;27;28;29;31;32;33;34,32,max=0;tops=8;10;12;14;16;17;18;20;21;23;24;26;27;28;29;31;32;33;34,23,max=0;tops=8;10;12;14;16;17;18;20;21;23;24;26;27;28;29;31;32;33;34,29,max=0;tops=8;10;12;14;16;17;18;20;21;23;24;26;27;28;29;31;32;33;34,57,max=0;tops=8;10;12;14;16;17;18;20;21;23;24;26;27;28;29;31;32;33;34,14,S8_8,artifacts/results/anomalies_N65_candidates_S8_8.csv
S9_9:116,2+31,9;10;11;12;13;14;15;17;18;20;21;23;25;26;27;29,9,29,16,1;1;1;1;1;1;2;1;2;1;2;2;1;1;2,7706142013/7661478825,44663188/7661478825,261118,3;5;7;11;13;17;19;23;29;37;41;43;47;53;59;61,16,3,2+31->3;5;7;11;13;17;19;23;29;37;41;43;47;53;59;61,false,false,false,max=2;tops=12;20,0,max=1;tops=13;26,8,max=1;tops=17,1,max=0;tops=9;10;11;12;13;14;15;17;18;20;21;23;25;26;27;29,17,max=0;tops=9;10;11;12;13;14;15;17;18;20;21;23;25;26;27;29,1,max=0;tops=9;10;11;12;13;14;15;17;18;20;21;23;25;26;27;29,35,max=0;tops=9;10;11;12;13;14;15;17;18;20;21;23;25;26;27;29,32,max=0;tops=9;10;11;12;13;14;15;17;18;20;21;23;25;26;27;29,7,max=0;tops=9;10;11;12;13;14;15;17;18;20;21;23;25;26;27;29,20,max=0;tops=9;10;11;12;13;14;15;17;18;20;21;23;25;26;27;29,18,max=0;tops=9;10;11;12;13;14;15;17;18;20;21;23;25;26;27;29,38,S9_9,artifacts/results/anomalies_N65_candidates_S9_9.csv
S9_9:1420,19+37,9;10;11;12;13;15;17;18;20;22;24;25;26;28;29;31;32,9,32,17,1;1;1;1;2;2;1;2;2;2;1;1;2;1;2;1,36444557053/36715879200,-271322147/36715879200,259965,2;5;7;11;13;17;23;29;31;41;43;47;53;59;61,15,2,19+37->2;5;7;11;13;17;23;29;31;41;43;47;53;59;61,false,false,false,max=5;tops=32,1,max=1;tops=13;26,8,max=1;tops=17,1,max=0;tops=9;10;11;12;13;15;17;18;20;22;24;25;26;28;29;31;32,1,max=1;tops=31,1,max=0;tops=9;10;11;12;13;15;17;18;20;22;24;25;26;28;29;31;32,1,max=0;tops=9;10;11;12;13;15;17;18;20;22;24;25;26;28;29;31;32,39,max=0;tops=9;10;11;12;13;15;17;18;20;22;24;25;26;28;29;31;32,37,max=0;tops=9;10;11;12;13;15;17;18;20;22;24;25;26;28;29;31;32,4,max=0;tops=9;10;11;12;13;15;17;18;20;22;24;25;26;28;29;31;32,48,max=0;tops=9;10;11;12;13;15;17;18;20;22;24;25;26;28;29;31;32,59,S9_9,artifacts/results/anomalies_N65_candidates_S9_9.csv
S9_9:2679,19+37,9;10;11;12;14;15;17;18;20;21;22;24;26;27;29;30;32,9,32,17,1;1;1;2;1;2;1;2;1;1;2;2;1;2;1;2,425155435/426377952,-1222517/426377952,243579,2;3;7;11;13;17;23;29;31;41;43;53;59;61,14,2,19+37->2;3;7;11;13;17;23;29;31;41;43;53;59;61,false,false,false,max=5;tops=32,1,max=1;tops=26,7,max=1;tops=17,1,max=0;tops=9;10;11;12;14;15;17;18;20;21;22;24;26;27;29;30;32,1,max=0;tops=9;10;11;12;14;15;17;18;20;21;22;24;26;27;29;30;32,3,max=0;tops=9;10;11;12;14;15;17;18;20;21;22;24;26;27;29;30;32,1,max=0;tops=9;10;11;12;14;15;17;18;20;21;22;24;26;27;29;30;32,40,max=0;tops=9;10;11;12;14;15;17;18;20;21;22;24;26;27;29;30;32,1,max=0;tops=9;10;11;12;14;15;17;18;20;21;22;24;26;27;29;30;32,35,max=0;tops=9;10;11;12;14;15;17;18;20;21;22;24;26;27;29;30;32,33,max=0;tops=9;10;11;12;14;15;17;18;20;21;22;24;26;27;29;30;32,33,S9_9,artifacts/results/anomalies_N65_candidates_S9_9.csv
S9_9:5405,19+37,9;10;11;12;14;16;18;20;21;23;24;26;27;28;29;31;33;34,9,34,18,1;1;1;2;2;2;2;1;2;1;2;1;1;1;2;2;1,756423899801/760018699440,-3594799639/760018699440,259967,2;3;5;7;11;13;17;23;29;31;41;43;47;53;59;61,16,2,19+37->2;3;5;7;11;13;17;23;29;31;41;43;47;53;59;61,false,false,false,max=4;tops=16,1,max=1;tops=26,7,max=1;tops=34,9,max=0;tops=9;10;11;12;14;16;18;20;21;23;24;26;27;28;29;31;33;34,1,max=1;tops=31,1,max=0;tops=9;10;11;12;14;16;18;20;21;23;24;26;27;28;29;31;33;34,1,max=0;tops=9;10;11;12;14;16;18;20;21;23;24;26;27;28;29;31;33;34,5,max=0;tops=9;10;11;12;14;16;18;20;21;23;24;26;27;28;29;31;33;34,7,max=0;tops=9;10;11;12;14;16;18;20;21;23;24;26;27;28;29;31;33;34,14,max=0;tops=9;10;11;12;14;16;18;20;21;23;24;26;27;28;29;31;33;34,19,max=0;tops=9;10;11;12;14;16;18;20;21;23;24;26;27;28;29;31;33;34,36,S9_9,artifacts/results/anomalies_N65_candidates_S9_9.csv
S9_9:16293,19+37,9;10;11;13;15;17;18;20;21;22;24;26;27;28;30;31;33;34;36,9,36,19,1;1;2;2;2;1;2;1;1;2;2;1;1;2;1;2;1;2,1493173/1479816,13357/1479816,259939,2;3;13;17;23;29;31;41;43;47;53;59;61,13,2,19+37->2;3;13;17;23;29;31;41;43;47;53;59;61,false,false,false,max=3;tops=24,1,max=1;tops=13;26,8,max=1;tops=17;34,10,max=0;tops=9;10;11;13;15;17;18;20;21;22;24;26;27;28;30;31;33;34;36,1,max=1;tops=31,1,max=0;tops=9;10;11;13;15;17;18;20;21;22;24;26;27;28;30;31;33;34;36,1,max=0;tops=9;10;11;13;15;17;18;20;21;22;24;26;27;28;30;31;33;34;36,39,max=0;tops=9;10;11;13;15;17;18;20;21;22;24;26;27;28;30;31;33;34;36,35,max=0;tops=9;10;11;13;15;17;18;20;21;22;24;26;27;28;30;31;33;34;36,19,max=0;tops=9;10;11;13;15;17;18;20;21;22;24;26;27;28;30;31;33;34;36,8,max=0;tops=9;10;11;13;15;17;18;20;21;22;24;26;27;28;30;31;33;34;36,26,S9_9,artifacts/results/anomalies_N65_candidates_S9_9.csv
S9_9:16611,19+37,9;10;11;13;15;17;18;20;21;23;25;26;27;29;30;32;33;34;35,9,35,19,1;1;2;2;2;1;2;1;2;2;1;1;2;1;2;1;1;1,246132602561/245167322400,965280161/245167322400,259967,2;3;5;7;11;13;17;23;29;31;41;43;47;53;59;61,16,2,19+37->2;3;5;7;11;13;17;23;29;31;41;43;47;53;59;61,false,false,false,max=5;tops=32,1,max=1;tops=13;26,8,max=1;tops=17;34,10,max=0;tops=9;10;11;13;15;17;18;20;21;23;25;26;27;29;30;32;33;34;35,1,max=0;tops=9;10;11;13;15;17;18;20;21;23;25;26;27;29;30;32;33;34;35,13,max=0;tops=9;10;11;13;15;17;18;20;21;23;25;26;27;29;30;32;33;34;35,1,max=0;tops=9;10;11;13;15;17;18;20;21;23;25;26;27;29;30;32;33;34;35,32,max=0;tops=9;10;11;13;15;17;18;20;21;23;25;26;27;29;30;32;33;34;35,26,max=0;tops=9;10;11;13;15;17;18;20;21;23;25;26;27;29;30;32;33;34;35,26,max=0;tops=9;10;11;13;15;17;18;20;21;23;25;26;27;29;30;32;33;34;35,36,max=0;tops=9;10;11;13;15;17;18;20;21;23;25;26;27;29;30;32;33;34;35,6,S9_9,artifacts/results/anomalies_N65_candidates_S9_9.csv
S9_9:23359,2+31,9;10;12;13;14;15;17;18;19;20;21;23;25;26;27;29;30,9,30,17,1;2;1;1;1;2;1;1;1;1;2;2;1;1;2;1,26490360649/26466926850,23433799/26466926850,261118,3;5;7;11;13;17;19;23;29;37;41;43;47;53;59;61,16,3,2+31->3;5;7;11;13;17;19;23;29;37;41;43;47;53;59;61,false,false,false,max=2;tops=12;20,0,max=1;tops=13;26,8,max=1;tops=17,1,max=1;tops=19,1,max=0;tops=9;10;12;13;14;15;17;18;19;20;21;23;25;26;27;29;30,1,max=0;tops=9;10;12;13;14;15;17;18;19;20;21;23;25;26;27;29;30,31,max=0;tops=9;10;12;13;14;15;17;18;19;20;21;23;25;26;27;29;30,15,max=0;tops=9;10;12;13;14;15;17;18;19;20;21;23;25;26;27;29;30,40,max=0;tops=9;10;12;13;14;15;17;18;19;20;21;23;25;26;27;29;30,28,max=0;tops=9;10;12;13;14;15;17;18;19;20;21;23;25;26;27;29;30,5,max=0;tops=9;10;12;13;14;15;17;18;19;20;21;23;25;26;27;29;30,31,S9_9,artifacts/results/anomalies_N65_candidates_S9_9.csv
S9_9:25073,19+37,9;10;12;13;14;16;17;18;20;22;23;25;26;28;29;31;33;35,9,35,18,1;2;1;1;2;1;1;2;2;1;2;1;2;1;2;2;2,421556654507/422232610800,-675956293/422232610800,259965,2;5;7;11;13;17;23;29;31;41;43;47;53;59;61,15,2,19+37->2;5;7;11;13;17;23;29;31;41;43;47;53;59;61,false,false,false,max=4;tops=16,1,max=1;tops=13;26,8,max=1;tops=17,1,max=0;tops=9;10;12;13;14;16;17;18;20;22;23;25;26;28;29;31;33;35,1,max=1;tops=31,1,max=0;tops=9;10;12;13;14;16;17;18;20;22;23;25;26;28;29;31;33;35,1,max=0;tops=9;10;12;13;14;16;17;18;20;22;23;25;26;28;29;31;33;35,36,max=0;tops=9;10;12;13;14;16;17;18;20;22;23;25;26;28;29;31;33;35,2,max=0;tops=9;10;12;13;14;16;17;18;20;22;23;25;26;28;29;31;33;35,36,max=0;tops=9;10;12;13;14;16;17;18;20;22;23;25;26;28;29;31;33;35,51,max=0;tops=9;10;12;13;14;16;17;18;20;22;23;25;26;28;29;31;33;35,45,S9_9,artifacts/results/anomalies_N65_candidates_S9_9.csv
S9_9:27859,19+37,9;10;12;13;14;16;18;20;22;23;24;26;27;28;29;31;33;35;36,9,36,19,1;2;1;1;2;2;2;2;1;1;2;1;1;1;2;2;2;1,8995554881/8941396464,54158417/8941396464,255867,2;3;7;11;13;17;23;29;31;43;47;53;59;61,14,2,19+37->2;3;7;11;13;17;23;29;31;43;47;53;59;61,false,false,false,max=4;tops=16,1,max=1;tops=13;26,8,max=0;tops=9;10;12;13;14;16;18;20;22;23;24;26;27;28;29;31;33;35;36,16,max=0;tops=9;10;12;13;14;16;18;20;22;23;24;26;27;28;29;31;33;35;36,1,max=1;tops=31,1,max=0;tops=9;10;12;13;14;16;18;20;22;23;24;26;27;28;29;31;33;35;36,1,max=0;tops=9;10;12;13;14;16;18;20;22;23;24;26;27;28;29;31;33;35;36,1,max=0;tops=9;10;12;13;14;16;18;20;22;23;24;26;27;28;29;31;33;35;36,7,max=0;tops=9;10;12;13;14;16;18;20;22;23;24;26;27;28;29;31;33;35;36,13,max=0;tops=9;10;12;13;14;16;18;20;22;23;24;26;27;28;29;31;33;35;36,8,max=0;tops=9;10;12;13;14;16;18;20;22;23;24;26;27;28;29;31;33;35;36,2,S9_9,artifacts/results/anomalies_N65_candidates_S9_9.csv
S9_9:29252,19+37,9;10;12;13;15;16;17;18;20;22;23;25;26;28;29;30;31;33,9,33,18,1;2;1;2;1;1;1;2;2;1;2;1;2;1;1;1;2,421556654507/422232610800,-675956293/422232610800,259965,2;5;7;11;13;17;23;29;31;41;43;47;53;59;61,15,2,19+37->2;5;7;11;13;17;23;29;31;41;43;47;53;59;61,false,false,false,max=4;tops=16,1,max=1;tops=13;26,8,max=1;tops=17,1,max=0;tops=9;10;12;13;15;16;17;18;20;22;23;25;26;28;29;30;31;33,1,max=1;tops=31,1,max=0;tops=9;10;12;13;15;16;17;18;20;22;23;25;26;28;29;30;31;33,1,max=0;tops=9;10;12;13;15;16;17;18;20;22;23;25;26;28;29;30;31;33,36,max=0;tops=9;10;12;13;15;16;17;18;20;22;23;25;26;28;29;30;31;33,2,max=0;tops=9;10;12;13;15;16;17;18;20;22;23;25;26;28;29;30;31;33,36,max=0;tops=9;10;12;13;15;16;17;18;20;22;23;25;26;28;29;30;31;33,51,max=0;tops=9;10;12;13;15;16;17;18;20;22;23;25;26;28;29;30;31;33,45,S9_9,artifacts/results/anomalies_N65_candidates_S9_9.csv
S9_9:34802,19+37,9;10;12;13;15;17;18;20;21;22;24;25;26;27;29;31;32;33;35,9,35,19,1;2;1;2;2;1;2;1;1;2;1;1;1;2;2;1;1;2,333587866957/330442912800,3144954157/330442912800,259967,2;3;5;7;11;13;17;23;29;31;41;43;47;53;59;61,16,2,19+37->2;3;5;7;11;13;17;23;29;31;41;43;47;53;59;61,false,false,false,max=5;tops=32,1,max=1;tops=13;26,8,max=1;tops=17,1,max=0;tops=9;10;12;13;15;17;18;20;21;22;24;25;26;27;29;31;32;33;35,1,max=1;tops=31,1,max=0;tops=9;10;12;13;15;17;18;20;21;22;24;25;26;27;29;31;32;33;35,1,max=0;tops=9;10;12;13;15;17;18;20;21;22;24;25;26;27;29;31;32;33;35,40,max=0;tops=9;10;12;13;15;17;18;20;21;22;24;25;26;27;29;31;32;33;35,34,max=0;tops=9;10;12;13;15;17;18;20;21;22;24;25;26;27;29;31;32;33;35,31,max=0;tops=9;10;12;13;15;17;18;20;21;22;24;25;26;27;29;31;32;33;35,9,max=0;tops=9;10;12;13;15;17;18;20;21;22;24;25;26;27;29;31;32;33;35,52,S9_9,artifacts/results/anomalies_N65_candidates_S9_9.csv
S9_9:49634,19+37,9;10;12;14;15;17;18;20;21;22;23;25;27;28;29;30;31;32;34,9,34,19,1;2;2;1;2;1;2;1;1;1;2;2;1;1;1;1;1;2,588697544027/584629768800,4067775227/584629768800,259967,2;3;5;7;11;13;17;23;29;31;41;43;47;53;59;61,16,2,19+37->2;3;5;7;11;13;17;23;29;31;41;43;47;53;59;61,false,false,false,max=5;tops=32,1,max=0;tops=9;10;12;14;15;17;18;20;21;22;23;25;27;28;29;30;31;32;34,5,max=1;tops=17;34,10,max=0;tops=9;10;12;14;15;17;18;20;21;22;23;25;27;28;29;30;31;32;34,1,max=1;tops=31,1,max=0;tops=9;10;12;14;15;17;18;20;21;22;23;25;27;28;29;30;31;32;34,1,max=0;tops=9;10;12;14;15;17;18;20;21;22;23;25;27;28;29;30;31;32;34,10,max=0;tops=9;10;12;14;15;17;18;20;21;22;23;25;27;28;29;30;31;32;34,18,max=0;tops=9;10;12;14;15;17;18;20;21;22;23;25;27;28;29;30;31;32;34,47,max=0;tops=9;10;12;14;15;17;18;20;21;22;23;25;27;28;29;30;31;32;34,10,max=0;tops=9;10;12;14;15;17;18;20;21;22;23;25;27;28;29;30;31;32;34,27,S9_9,artifacts/results/anomalies_N65_candidates_S9_9.csv
S9_9:49654,19+37,9;10;12;14;15;17;18;20;21;22;23;25;27;28;30;31;33;34;36,9,36,19,1;2;2;1;2;1;2;1;1;1;2;2;1;2;1;2;1;2,629551709/629988975,-437266/629988975,259966,3;5;7;11;13;17;23;29;31;41;43;47;53;59;61,15,3,19+37->3;5;7;11;13;17;23;29;31;41;43;47;53;59;61,false,false,false,max=2;tops=12;20;28;36,0,max=0;tops=9;10;12;14;15;17;18;20;21;22;23;25;27;28;30;31;33;34;36,4,max=1;tops=17;34,10,max=0;tops=9;10;12;14;15;17;18;20;21;22;23;25;27;28;30;31;33;34;36,1,max=1;tops=31,1,max=0;tops=9;10;12;14;15;17;18;20;21;22;23;25;27;28;30;31;33;34;36,1,max=0;tops=9;10;12;14;15;17;18;20;21;22;23;25;27;28;30;31;33;34;36,38,max=0;tops=9;10;12;14;15;17;18;20;21;22;23;25;27;28;30;31;33;34;36,7,max=0;tops=9;10;12;14;15;17;18;20;21;22;23;25;27;28;30;31;33;34;36,51,max=0;tops=9;10;12;14;15;17;18;20;21;22;23;25;27;28;30;31;33;34;36,4,max=0;tops=9;10;12;14;15;17;18;20;21;22;23;25;27;28;30;31;33;34;36,42,S9_9,artifacts/results/anomalies_N65_candidates_S9_9.csv
S9_9:50594,19+37,9;10;12;14;15;17;18;20;22;23;24;26;27;28;30;31;33;35;36,9,36,19,1;2;2;1;2;1;2;2;1;1;2;1;1;2;1;2;2;1,12985505693/13103770680,-118264987/13103770680,259455,2;3;5;7;11;13;17;23;31;41;43;47;53;59;61,15,2,19+37->2;3;5;7;11;13;17;23;31;41;43;47;53;59;61,false,false,false,max=3;tops=24,1,max=1;tops=26,7,max=1;tops=17,1,max=0;tops=9;10;12;14;15;17;18;20;22;23;24;26;27;28;30;31;33;35;36,1,max=1;tops=31,1,max=0;tops=9;10;12;14;15;17;18;20;22;23;24;26;27;28;30;31;33;35;36,1,max=0;tops=9;10;12;14;15;17;18;20;22;23;24;26;27;28;30;31;33;35;36,13,max=0;tops=9;10;12;14;15;17;18;20;22;23;24;26;27;28;30;31;33;35;36,31,max=0;tops=9;10;12;14;15;17;18;20;22;23;24;26;27;28;30;31;33;35;36,37,max=0;tops=9;10;12;14;15;17;18;20;22;23;24;26;27;28;30;31;33;35;36,43,max=0;tops=9;10;12;14;15;17;18;20;22;23;24;26;27;28;30;31;33;35;36,7,S9_9,artifacts/results/anomalies_N65_candidates_S9_9.csv
S9_9:95791,19+37,9;11;12;13;14;15;16;17;18;20;22;23;24;26;27;29;31,9,31,17,2;1;1;1;1;1;1;1;2;2;1;1;2;1;2;2,760086954413/760018699440,68254973/760018699440,259967,2;3;5;7;11;13;17;23;29;31;41;43;47;53;59;61,16,2,19+37->2;3;5;7;11;13;17;23;29;31;41;43;47;53;59;61,false,false,false,max=4;tops=16,1,max=1;tops=13;26,8,max=1;tops=17,1,max=0;tops=9;11;12;13;14;15;16;17;18;20;22;23;24;26;27;29;31,1,max=1;tops=31,1,max=0;tops=9;11;12;13;14;15;16;17;18;20;22;23;24;26;27;29;31,1,max=0;tops=9;11;12;13;14;15;16;17;18;20;22;23;24;26;27;29;31,32,max=0;tops=9;11;12;13;14;15;16;17;18;20;22;23;24;26;27;29;31,44,max=0;tops=9;11;12;13;14;15;16;17;18;20;22;23;24;26;27;29;31,44,max=0;tops=9;11;12;13;14;15;16;17;18;20;22;23;24;26;27;29;31,53,max=0;tops=9;11;12;13;14;15;16;17;18;20;22;23;24;26;27;29;31,26,S9_9,artifacts/results/anomalies_N65_candidates_S9_9.csv
S9_9:96574,19+37,9;11;12;13;14;15;16;18;20;22;24;26;27;28;29;30;32;34,9,34,18,2;1;1;1;1;1;2;2;2;2;2;1;1;1;1;2;2,2121740549/2131889760,-10149211/2131889760,259967,2;3;5;7;11;13;17;23;29;31;41;43;47;53;59;61,16,2,19+37->2;3;5;7;11;13;17;23;29;31;41;43;47;53;59;61,false,false,false,max=5;tops=32,1,max=1;tops=13;26,8,max=1;tops=34,9,max=0;tops=9;11;12;13;14;15;16;18;20;22;24;26;27;28;29;30;32;34,1,max=0;tops=9;11;12;13;14;15;16;18;20;22;24;26;27;28;29;30;32;34,6,max=0;tops=9;11;12;13;14;15;16;18;20;22;24;26;27;28;29;30;32;34,1,max=0;tops=9;11;12;13;14;15;16;18;20;22;24;26;27;28;29;30;32;34,25,max=0;tops=9;11;12;13;14;15;16;18;20;22;24;26;27;28;29;30;32;34,15,max=0;tops=9;11;12;13;14;15;16;18;20;22;24;26;27;28;29;30;32;34,27,max=0;tops=9;11;12;13;14;15;16;18;20;22;24;26;27;28;29;30;32;34,7,max=0;tops=9;11;12;13;14;15;16;18;20;22;24;26;27;28;29;30;32;34,50,S9_9,artifacts/results/anomalies_N65_candidates_S9_9.csv
S9_9:104016,19+37,9;11;12;13;15;16;17;18;20;21;23;25;26;27;28;30;31;32,9,32,18,2;1;1;2;1;1;1;2;1;2;2;1;1;1;2;1;1,37251172087/37439344800,-188172713/37439344800,259959,2;3;5;11;13;17;23;29;31;41;43;47;53;59;61,15,2,19+37->2;3;5;11;13;17;23;29;31;41;43;47;53;59;61,false,false,false,max=5;tops=32,1,max=1;tops=13;26,8,max=1;tops=17,1,max=0;tops=9;11;12;13;15;16;17;18;20;21;23;25;26;27;28;30;31;32,1,max=1;tops=31,1,max=0;tops=9;11;12;13;15;16;17;18;20;21;23;25;26;27;28;30;31;32,1,max=0;tops=9;11;12;13;15;16;17;18;20;21;23;25;26;27;28;30;31;32,13,max=0;tops=9;11;12;13;15;16;17;18;20;21;23;25;26;27;28;30;31;32,2,max=0;tops=9;11;12;13;15;16;17;18;20;21;23;25;26;27;28;30;31;32,7,max=0;tops=9;11;12;13;15;16;17;18;20;21;23;25;26;27;28;30;31;32,50,max=0;tops=9;11;12;13;15;16;17;18;20;21;23;25;26;27;28;30;31;32,43,S9_9,artifacts/results/anomalies_N65_candidates_S9_9.csv
S9_9:107261,19+37,9;11;12;13;15;16;18;20;21;22;23;25;27;29;30;32;33;35;36,9,36,19,2;1;1;2;1;2;2;1;1;1;2;2;2;1;2;1;2;1,1306212233/1311055200,-4842967/1311055200,259951,2;3;5;7;13;17;23;29;31;41;43;47;53;59;61,15,2,19+37->2;3;5;7;13;17;23;29;31;41;43;47;53;59;61,false,false,false,max=5;tops=32,1,max=1;tops=13,1,max=0;tops=9;11;12;13;15;16;18;20;21;22;23;25;27;29;30;32;33;35;36,6,max=0;tops=9;11;12;13;15;16;18;20;21;22;23;25;27;29;30;32;33;35;36,1,max=0;tops=9;11;12;13;15;16;18;20;21;22;23;25;27;29;30;32;33;35;36,11,max=0;tops=9;11;12;13;15;16;18;20;21;22;23;25;27;29;30;32;33;35;36,1,max=0;tops=9;11;12;13;15;16;18;20;21;22;23;25;27;29;30;32;33;35;36,20,max=0;tops=9;11;12;13;15;16;18;20;21;22;23;25;27;29;30;32;33;35;36,34,max=0;tops=9;11;12;13;15;16;18;20;21;22;23;25;27;29;30;32;33;35;36,5,max=0;tops=9;11;12;13;15;16;18;20;21;22;23;25;27;29;30;32;33;35;36,51,max=0;tops=9;11;12;13;15;16;18;20;21;22;23;25;27;29;30;32;33;35;36,32,S9_9,artifacts/results/anomalies_N65_candidates_S9_9.csv
S9_9:111233,19+37,9;11;12;13;15;17;18;20;21;22;23;25;26;28;29;31;32;33;34,9,34,19,2;1;1;2;2;1;2;1;1;1;2;1;2;1;2;1;1;1,10986335267/10967080800,19254467/10967080800,128869,2;5;13;17;23;29;31;41;43;47;53;59,12,2,19+37->2;5;13;17;23;29;31;41;43;47;53;59,false,false,false,max=5;tops=32,1,max=1;tops=13;26,8,max=1;tops=17;34,10,max=0;tops=9;11;12;13;15;17;18;20;21;22;23;25;26;28;29;31;32;33;34,1,max=1;tops=31,1,max=0;tops=9;11;12;13;15;17;18;20;21;22;23;25;26;28;29;31;32;33;34,1,max=0;tops=9;11;12;13;15;17;18;20;21;22;23;25;26;28;29;31;32;33;34,16,max=0;tops=9;11;12;13;15;17;18;20;21;22;23;25;26;28;29;31;32;33;34,37,max=0;tops=9;11;12;13;15;17;18;20;21;22;23;25;26;28;29;31;32;33;34,2,max=0;tops=9;11;12;13;15;17;18;20;21;22;23;25;26;28;29;31;32;33;34,22,max=0;tops=9;11;12;13;15;17;18;20;21;22;23;25;26;28;29;31;32;33;34,1,S9_9,artifacts/results/anomalies_N65_candidates_S9_9.csv
S9_9:112178,19+37,9;11;12;13;15;17;18;20;22;23;24;25;26;27;29;31;32;33;35,9,35,19,2;1;1;2;2;1;2;2;1;1;1;1;1;2;2;1;1;2,688359779761/690926090400,-2566310639/690926090400,259951,2;3;5;7;13;17;23;29;31;41;43;47;53;59;61,15,2,19+37->2;3;5;7;13;17;23;29;31;41;43;47;53;59;61,false,false,false,max=5;tops=32,1,max=1;tops=13;26,8,max=1;tops=17,1,max=0;tops=9;11;12;13;15;17;18;20;22;23;24;25;26;27;29;31;32;33;35,1,max=1;tops=31,1,max=0;tops=9;11;12;13;15;17;18;20;22;23;24;25;26;27;29;31;32;33;35,1,max=0;tops=9;11;12;13;15;17;18;20;22;23;24;25;26;27;29;31;32;33;35,0,max=0;tops=9;11;12;13;15;17;18;20;22;23;24;25;26;27;29;31;32;33;35,20,max=0;tops=9;11;12;13;15;17;18;20;22;23;24;25;26;27;29;31;32;33;35,26,max=0;tops=9;11;12;13;15;17;18;20;22;23;24;25;26;27;29;31;32;33;35,19,max=0;tops=9;11;12;13;15;17;18;20;22;23;24;25;26;27;29;31;32;33;35,23,S9_9,artifacts/results/anomalies_N65_candidates_S9_9.csv
S9_9:121976,19+37,9;11;12;14;15;16;17;18;20;21;22;24;25;26;28;30;32;33,9,33,18,2;1;2;1;1;1;1;2;1;1;2;1;1;2;2;2;1,3691007/3712800,-21793/3712800,258925,2;5;7;13;17;23;29;41;43;47;53;59;61,13,2,19+37->2;5;7;13;17;23;29;41;43;47;53;59;61,false,false,false,max=5;tops=32,1,max=1;tops=26,7,max=1;tops=17,1,max=0;tops=9;11;12;14;15;16;17;18;20;21;22;24;25;26;28;30;32;33,1,max=0;tops=9;11;12;14;15;16;17;18;20;21;22;24;25;26;28;30;32;33,1,max=0;tops=9;11;12;14;15;16;17;18;20;21;22;24;25;26;28;30;32;33,1,max=0;tops=9;11;12;14;15;16;17;18;20;21;22;24;25;26;28;30;32;33,16,max=0;tops=9;11;12;14;15;16;17;18;20;21;22;24;25;26;28;30;32;33,35,max=0;tops=9;11;12;14;15;16;17;18;20;21;22;24;25;26;28;30;32;33,8,max=0;tops=9;11;12;14;15;16;17;18;20;21;22;24;25;26;28;30;32;33,3,max=0;tops=9;11;12;14;15;16;17;18;20;21;22;24;25;26;28;30;32;33,11,S9_9,artifacts/results/anomalies_N65_candidates_S9_9.csv
S9_9:126221,19+37,9;11;12;14;15;16;18;20;21;23;24;26;27;28;29;30;31;33;34,9,34,19,2;1;2;1;1;2;2;1;2;1;2;1;1;1;1;1;2;1,756423899801/760018699440,-3594799639/760018699440,259967,2;3;5;7;11;13;17;23;29;31;41;43;47;53;59;61,16,2,19+37->2;3;5;7;11;13;17;23;29;31;41;43;47;53;59;61,false,false,false,max=4;tops=16,1,max=1;tops=26,7,max=1;tops=34,9,max=0;tops=9;11;12;14;15;16;18;20;21;23;24;26;27;28;29;30;31;33;34,1,max=1;tops=31,1,max=0;tops=9;11;12;14;15;16;18;20;21;23;24;26;27;28;29;30;31;33;34,1,max=0;tops=9;11;12;14;15;16;18;20;21;23;24;26;27;28;29;30;31;33;34,5,max=0;tops=9;11;12;14;15;16;18;20;21;23;24;26;27;28;29;30;31;33;34,7,max=0;tops=9;11;12;14;15;16;18;20;21;23;24;26;27;28;29;30;31;33;34,14,max=0;tops=9;11;12;14;15;16;18;20;21;23;24;26;27;28;29;30;31;33;34,19,max=0;tops=9;11;12;14;15;16;18;20;21;23;24;26;27;28;29;30;31;33;34,36,S9_9,artifacts/results/anomalies_N65_candidates_S9_9.csv
S9_9:130481,19+37,9;11;12;14;15;17;18;20;21;22;23;25;26;27;29;30;32;34;36,9,36,19,2;1;2;1;2;1;2;1;1;1;2;1;1;2;1;2;2;2,244219486481/245167322400,-947835919/245167322400,259967,2;3;5;7;11;13;17;23;29;31;41;43;47;53;59;61,16,2,19+37->2;3;5;7;11;13;17;23;29;31;41;43;47;53;59;61,false,false,false,max=5;tops=32,1,max=1;tops=26,7,max=1;tops=17;34,10,max=0;tops=9;11;12;14;15;17;18;20;21;22;23;25;26;27;29;30;32;34;36,1,max=0;tops=9;11;12;14;15;17;18;20;21;22;23;25;26;27;29;30;32;34;36,0,max=0;tops=9;11;12;14;15;17;18;20;21;22;23;25;26;27;29;30;32;34;36,1,max=0;tops=9;11;12;14;15;17;18;20;21;22;23;25;26;27;29;30;32;34;36,0,max=0;tops=9;11;12;14;15;17;18;20;21;22;23;25;26;27;29;30;32;34;36,31,max=0;tops=9;11;12;14;15;17;18;20;21;22;23;25;26;27;29;30;32;34;36,38,max=0;tops=9;11;12;14;15;17;18;20;21;22;23;25;26;27;29;30;32;34;36,54,max=0;tops=9;11;12;14;15;17;18;20;21;22;23;25;26;27;29;30;32;34;36,28,S9_9,artifacts/results/anomalies_N65_candidates_S9_9.csv
S9_9:171193,19+37,9;11;12;14;16;18;20;21;22;24;25;26;27;28;29;30;31;33;34;36,9,36,20,2;1;2;2;2;2;1;1;2;1;1;1;1;1;1;1;2;1;2,14995462021/15020132400,-24670379/15020132400,259951,2;3;5;7;13;17;23;29;31;41;43;47;53;59;61,15,2,19+37->2;3;5;7;13;17;23;29;31;41;43;47;53;59;61,false,false,false,max=4;tops=16,1,max=1;tops=26,7,max=1;tops=34,9,max=0;tops=9;11;12;14;16;18;20;21;22;24;25;26;27;28;29;30;31;33;34;36,1,max=1;tops=31,1,max=0;tops=9;11;12;14;16;18;20;21;22;24;25;26;27;28;29;30;31;33;34;36,1,max=0;tops=9;11;12;14;16;18;20;21;22;24;25;26;27;28;29;30;31;33;34;36,28,max=0;tops=9;11;12;14;16;18;20;21;22;24;25;26;27;28;29;30;31;33;34;36,4,max=0;tops=9;11;12;14;16;18;20;21;22;24;25;26;27;28;29;30;31;33;34;36,24,max=0;tops=9;11;12;14;16;18;20;21;22;24;25;26;27;28;29;30;31;33;34;36,56,max=0;tops=9;11;12;14;16;18;20;21;22;24;25;26;27;28;29;30;31;33;34;36,57,S9_9,artifacts/results/anomalies_N65_candidates_S9_9.csv
S9_9:191566,19+37,9;11;13;14;15;16;17;18;20;21;22;23;24;26;27;28;29;31,9,31,18,2;2;1;1;1;1;1;2;1;1;1;1;2;1;1;1;2,760086954413/760018699440,68254973/760018699440,259967,2;3;5;7;11;13;17;23;29;31;41;43;47;53;59;61,16,2,19+37->2;3;5;7;11;13;17;23;29;31;41;43;47;53;59;61,false,false,false,max=4;tops=16,1,max=1;tops=13;26,8,max=1;tops=17,1,max=0;tops=9;11;13;14;15;16;17;18;20;21;22;23;24;26;27;28;29;31,1,max=1;tops=31,1,max=0;tops=9;11;13;14;15;16;17;18;20;21;22;23;24;26;27;28;29;31,1,max=0;tops=9;11;13;14;15;16;17;18;20;21;22;23;24;26;27;28;29;31,32,max=0;tops=9;11;13;14;15;16;17;18;20;21;22;23;24;26;27;28;29;31,44,max=0;tops=9;11;13;14;15;16;17;18;20;21;22;23;24;26;27;28;29;31,44,max=0;tops=9;11;13;14;15;16;17;18;20;21;22;23;24;26;27;28;29;31,53,max=0;tops=9;11;13;14;15;16;17;18;20;21;22;23;24;26;27;28;29;31,26,S9_9,artifacts/results/anomalies_N65_candidates_S9_9.csv
S9_9:192152,19+37,9;11;13;14;15;16;17;18;20;22;24;26;27;29;30;32;33;35;36,9,36,19,2;2;1;1;1;1;1;2;2;2;2;1;2;1;2;1;2;1,5494493/5537376,-42883/5537376,128867,2;3;13;17;23;29;31;41;43;47;53;59,12,2,19+37->2;3;13;17;23;29;31;41;43;47;53;59,false,false,false,max=5;tops=32,1,max=1;tops=13;26,8,max=1;tops=17,1,max=0;tops=9;11;13;14;15;16;17;18;20;22;24;26;27;29;30;32;33;35;36,1,max=0;tops=9;11;13;14;15;16;17;18;20;22;24;26;27;29;30;32;33;35;36,22,max=0;tops=9;11;13;14;15;16;17;18;20;22;24;26;27;29;30;32;33;35;36,1,max=0;tops=9;11;13;14;15;16;17;18;20;22;24;26;27;29;30;32;33;35;36,20,max=0;tops=9;11;13;14;15;16;17;18;20;22;24;26;27;29;30;32;33;35;36,10,max=0;tops=9;11;13;14;15;16;17;18;20;22;24;26;27;29;30;32;33;35;36,16,max=0;tops=9;11;13;14;15;16;17;18;20;22;24;26;27;29;30;32;33;35;36,0,max=0;tops=9;11;13;14;15;16;17;18;20;22;24;26;27;29;30;32;33;35;36,1,S9_9,artifacts/results/anomalies_N65_candidates_S9_9.csv
S9_9:202025,19+37,9;11;13;14;15;17;18;20;21;22;24;26;27;28;30;31;33;34;35;36,9,36,20,2;2;1;1;2;1;2;1;1;2;2;1;1;2;1;2;1;1;1,1493173/1479816,13357/1479816,259939,2;3;13;17;23;29;31;41;43;47;53;59;61,13,2,19+37->2;3;13;17;23;29;31;41;43;47;53;59;61,false,false,false,max=3;tops=24,1,max=1;tops=13;26,8,max=1;tops=17;34,10,max=0;tops=9;11;13;14;15;17;18;20;21;22;24;26;27;28;30;31;33;34;35;36,1,max=1;tops=31,1,max=0;tops=9;11;13;14;15;17;18;20;21;22;24;26;27;28;30;31;33;34;35;36,1,max=0;tops=9;11;13;14;15;17;18;20;21;22;24;26;27;28;30;31;33;34;35;36,39,max=0;tops=9;11;13;14;15;17;18;20;21;22;24;26;27;28;30;31;33;34;35;36,35,max=0;tops=9;11;13;14;15;17;18;20;21;22;24;26;27;28;30;31;33;34;35;36,19,max=0;tops=9;11;13;14;15;17;18;20;21;22;24;26;27;28;30;31;33;34;35;36,8,max=0;tops=9;11;13;14;15;17;18;20;21;22;24;26;27;28;30;31;33;34;35;36,26,S9_9,artifacts/results/anomalies_N65_candidates_S9_9.csv
S9_9:280643,19+37,9;11;13;15;16;17;18;20;22;23;24;26;27;28;29;31;33;34;35;36,9,36,20,2;2;2;1;1;1;2;2;1;1;2;1;1;1;2;2;1;1;1,68892668107/69092609040,-199940933/69092609040,259951,2;3;5;7;13;17;23;29;31;41;43;47;53;59;61,15,2,19+37->2;3;5;7;13;17;23;29;31;41;43;47;53;59;61,false,false,false,max=4;tops=16,1,max=1;tops=13;26,8,max=1;tops=17;34,10,max=0;tops=9;11;13;15;16;17;18;20;22;23;24;26;27;28;29;31;33;34;35;36,1,max=1;tops=31,1,max=0;tops=9;11;13;15;16;17;18;20;22;23;24;26;27;28;29;31;33;34;35;36,1,max=0;tops=9;11;13;15;16;17;18;20;22;23;24;26;27;28;29;31;33;34;35;36,27,max=0;tops=9;11;13;15;16;17;18;20;22;23;24;26;27;28;29;31;33;34;35;36,39,max=0;tops=9;11;13;15;16;17;18;20;22;23;24;26;27;28;29;31;33;34;35;36,33,max=0;tops=9;11;13;15;16;17;18;20;22;23;24;26;27;28;29;31;33;34;35;36,46,max=0;tops=9;11;13;15;16;17;18;20;22;23;24;26;27;28;29;31;33;34;35;36,38,S9_9,artifacts/results/anomalies_N65_candidates_S9_9.csv
S9_9:362314,19+37,9;11;13;15;17;18;20;21;22;23;24;25;26;27;28;29;31;32;33;35,9,35,20,2;2;2;2;1;2;1;1;1;1;1;1;1;1;1;2;1;1;2,688359779761/690926090400,-2566310639/690926090400,259951,2;3;5;7;13;17;23;29;31;41;43;47;53;59;61,15,2,19+37->2;3;5;7;13;17;23;29;31;41;43;47;53;59;61,false,false,false,max=5;tops=32,1,max=1;tops=13;26,8,max=1;tops=17,1,max=0;tops=9;11;13;15;17;18;20;21;22;23;24;25;26;27;28;29;31;32;33;35,1,max=1;tops=31,1,max=0;tops=9;11;13;15;17;18;20;21;22;23;24;25;26;27;28;29;31;32;33;35,1,max=0;tops=9;11;13;15;17;18;20;21;22;23;24;25;26;27;28;29;31;32;33;35,0,max=0;tops=9;11;13;15;17;18;20;21;22;23;24;25;26;27;28;29;31;32;33;35,20,max=0;tops=9;11;13;15;17;18;20;21;22;23;24;25;26;27;28;29;31;32;33;35,26,max=0;tops=9;11;13;15;17;18;20;21;22;23;24;25;26;27;28;29;31;32;33;35,19,max=0;tops=9;11;13;15;17;18;20;21;22;23;24;25;26;27;28;29;31;32;33;35,23,S9_9,artifacts/results/anomalies_N65_candidates_S9_9.csv
